<?xml version="1.0" encoding="UTF-8"?>
<extension id="db_sync">
	<name>Database Synchroniser</name>
	<description>Log database changes to easily synchronise structure (sections, fields, pages) development and production databases, without affecting content.</description>
	<repo type="github">https://github.com/nickdunn/db_sync</repo>
	<url type="discuss">http://symphony-cms.com/discuss/thread/26748/</url>
	<types>
		<type>Deployment</type>
	</types>
	<authors>
		<author>
			<name github="nickdunn" symphony="nickdunn">Nick Dunn</name>
			<website>http://nick-dunn.co.uk</website>
		</author>
	</authors>
	<releases>
		<release version="0.9.1" date="2011-02-10" min="2.1.0" />
	</releases>
</extension>