<?xml version="1.0" encoding="UTF-8" ?>

<extension id="order_entries">
	
	<name>Order Entries</name>

	<description lang="en">Allow drag-and-drop re-ordering of entries.</description>

	<repo type="github">https://github.com/nickdunn/order_entries</repo>
	
	<types>
		<type>Workflow</type>
		<type>Field</type>
	</types>
	
	<authors>
		<author>
			<name github="nickdunn" symphony="nickdunn" twitter="nickdunn">Nick Dunn</name>
			<email>nick@nick-dunn.co.uk</email>
			<website>http://nick-dunn.co.uk</website>
		</author>
	</authors>
	
	<releases>
		<release version="1.9.7" date="2011-10-12" min="2.2.2" />
		<release version="1.9.6" date="2011-02-16" min="2.2" />
		<release version="1.9.5" date="2011-05-21" min="2.0.3" max="2.1.x" />
	</releases>	
		
</extension>