# Sequel Pro dump
# Version 2492
# http://code.google.com/p/sequel-pro
#
# Host: localhost (MySQL 5.1.44)
# Database: accf
# Generation Time: 2011-05-17 09:40:51 -0700
# ************************************************************

/*!40101 SET @OLD_CHARACTER_SET_CLIENT=@@CHARACTER_SET_CLIENT */;
/*!40101 SET @OLD_CHARACTER_SET_RESULTS=@@CHARACTER_SET_RESULTS */;
/*!40101 SET @OLD_COLLATION_CONNECTION=@@COLLATION_CONNECTION */;
/*!40101 SET NAMES utf8 */;
/*!40014 SET @OLD_UNIQUE_CHECKS=@@UNIQUE_CHECKS, UNIQUE_CHECKS=0 */;
/*!40014 SET @OLD_FOREIGN_KEY_CHECKS=@@FOREIGN_KEY_CHECKS, FOREIGN_KEY_CHECKS=0 */;
/*!40101 SET @OLD_SQL_MODE=@@SQL_MODE, SQL_MODE='NO_AUTO_VALUE_ON_ZERO' */;
/*!40111 SET @OLD_SQL_NOTES=@@SQL_NOTES, SQL_NOTES=0 */;


# Dump of table sym_authors
# ------------------------------------------------------------

DROP TABLE IF EXISTS `sym_authors`;

CREATE TABLE `sym_authors` (
  `id` int(11) unsigned NOT NULL AUTO_INCREMENT,
  `username` varchar(20) NOT NULL DEFAULT '',
  `password` varchar(40) CHARACTER SET utf8 COLLATE utf8_unicode_ci NOT NULL,
  `first_name` varchar(100) DEFAULT NULL,
  `last_name` varchar(100) DEFAULT NULL,
  `email` varchar(255) DEFAULT NULL,
  `last_seen` datetime DEFAULT '0000-00-00 00:00:00',
  `user_type` enum('author','developer') NOT NULL DEFAULT 'author',
  `primary` enum('yes','no') NOT NULL DEFAULT 'no',
  `default_area` varchar(255) CHARACTER SET utf8 COLLATE utf8_unicode_ci DEFAULT NULL,
  `auth_token_active` enum('yes','no') NOT NULL DEFAULT 'no',
  `language` varchar(15) DEFAULT NULL,
  PRIMARY KEY (`id`),
  UNIQUE KEY `username` (`username`)
) ENGINE=MyISAM AUTO_INCREMENT=3 DEFAULT CHARSET=utf8;

LOCK TABLES `sym_authors` WRITE;
/*!40000 ALTER TABLE `sym_authors` DISABLE KEYS */;
INSERT INTO `sym_authors` (`id`,`username`,`password`,`first_name`,`last_name`,`email`,`last_seen`,`user_type`,`primary`,`default_area`,`auth_token_active`,`language`)
VALUES
	(1,'kirkstrobeck','3427dd423a4b996a614f13d7746cdaa28d200dae','Kirk','Strobeck','kirk@strobeck.com','2011-05-17 09:40:31','developer','yes','6','no',NULL),
	(2,'jonathansimcoe','0ba954d2c8ece66974376d106aca97dd','Jonathan','Simcoe','jdsimcoe@gmail.com',NULL,'developer','no','3','no',NULL);

/*!40000 ALTER TABLE `sym_authors` ENABLE KEYS */;
UNLOCK TABLES;


# Dump of table sym_cache
# ------------------------------------------------------------

DROP TABLE IF EXISTS `sym_cache`;

CREATE TABLE `sym_cache` (
  `id` int(11) unsigned NOT NULL AUTO_INCREMENT,
  `hash` varchar(32) NOT NULL DEFAULT '',
  `creation` int(14) NOT NULL DEFAULT '0',
  `expiry` int(14) unsigned DEFAULT NULL,
  `data` longtext NOT NULL,
  PRIMARY KEY (`id`),
  KEY `hash` (`hash`),
  KEY `expiry` (`expiry`)
) ENGINE=MyISAM AUTO_INCREMENT=754 DEFAULT CHARSET=utf8;

LOCK TABLES `sym_cache` WRITE;
/*!40000 ALTER TABLE `sym_cache` DISABLE KEYS */;
INSERT INTO `sym_cache` (`id`,`hash`,`creation`,`expiry`,`data`)
VALUES
	(1,'_session_config',1297047150,NULL,'eJwzBAAAMgAy'),
	(103,'f2180baa54f9b8cff1554bf468214f82',1298178380,NULL,'eJydVttu2zgQfe9XEFo0FzQWLSlObFlWWrhYYIEFtm3cBXZfDEYeS0QoUSWpOvn7HUqy5EudpvsS0HM5Z+ZwhlF095QL8h2U5rKYOZ47dAgUiVzxIp05Xxe/D8bOXfwmWgOsCIYWOkylTAXMnMyYMqT0gWlwG5ubyJwWmtYoGBwKZlGgGHy9d9psWUJxD0wlWYfAJnXigOoSEmoDdB2AOB5t87rgzWbjbgJXqpT6w+GIfjAy32KbDTcGVA9ccre11QxO/IaQiK9iw9Kw4dj1X1nA1k7JWsk8TBK0s4xFFLNssuDFIzHPJfZv4MnQzOTCIQrEzGECcQpmwCGZgnVXxTFRa7r7NntnWd4GH7Y8Dj1kYWUpeMIMXg9l2Ou7p45Qg1i/lsu1uacJDTcC4v2eyYAsGhzSXFhEm7AXKuwvbwU6Uby01r2Sre/nRfc4rk3+FVUQWYF+BcfLwpyxvJxqXiSw5KtZMPFu/WA8GY5vroPAHw/bkqpyhRe+iv2h5w2G/sC7WQz90PPC6+t/I7r12sh+7kNuINefQH1iKcTeKKKnfDYPCqOe7ennkxvc3kxGo4k/xjpHt1jkdmoxtaweBNfZyVJ7fxP/P+Z8V9v5fP6XVZFqw0ylQdOj4hoFu9n7siDvFcszZjFC8rniySNpBLwiiJyRMpNG6isi18RkQB4g5UWBz5Q1vN8SkntTrVAzMsc/OLkKcrkC4ZLta8WNK55plvx5W07Ibx8l9g3/yEr9kZcsMTsjjpUlEjEQq9GhlsDWeSbMlDW9n32rpJn+QICulSbiLDXTvj0LQJm1/XKjr+HearFD3Zk65pNCnWLYU66H/qG3ZzmF9tKj+NYPDu+lySWySHDtH1uoEndkoVjyiABLDWZeadzlv5m68K/IOT4ClTBLe3fn9c8EG8VTcLmfaOzBrtt3DpuLc8px4RjNmM5w1+jRhJxfTvvmj7x95xFtp6edpVe/FPvLx3OsjJZF2i5f/ftg8VhgdczTWsVSyTUX+GjZQE19bzjyfM+/sVOxTLhKBOhlIVXOhJvydb+FzU2EKcjWQo9NW0sOhmHBrDHvOHZEjxvFe5hd3wHDPl6HplHXBOJTM2Q/BcwGwKwgebTNt1NihWqOhVxLIeSmv7GFjf+I8bs3dcC3X4T9homh6KNqQxPDKpNJ1alQsBzi7iW6wBOpj5cRrV3buErx+IW9xXHAgFainiKi7f+CiNqvsfg/VhZDXw=='),
	(26,'c1eae13196cd46d65d23d20a16908b14',1297668131,NULL,'eJztnd2P27gRwJ+zf4XgoteHZi1+6iuO07v0ggJNL0CxfemLQFOU7YssuZKcPf/3JSXZK7ubRiy8zWo9QYCs5RmSw+GQv3DJ0ezdb5vM+aLKal3kbyd4iiaOymWRrPPl28muTm+DiVPVIk9EVuTq7WSvqsm7+c0sVSpxtG5evZ2s6nobue79/f30nk6LcukShLj7Y11sJjdO86eRjBJ5FN7uyqwRTaSrMrVReV25eIrdU400W8vPpW5JmXc/R6cCG5WsxbHUSolSrqZ7sSqKqSw27qasKncyv9E6s3pdZ2r+dyV1Xc4/tlkhksqpxXKpLZGrcl3Va5HL1U6XMHNbYaOWrfPPTqmyt5NKZenEWZUqPVYotutp266mukqVX9ZSVa7pnsrdroq6qOLtbqFFpstcvdPVVW+Plf2eoLa+ieOe1SWyWpW5qNXEqfdb3fG1+q12V/UmO2uB6fVeC9oqXVOPe2aUO2krWSdz/XX0oPTauCs6qLatdduOcUWWnZczc3UJTUGyyOddM7Lpfr1ZNk1YuuuNWOpOWOySZG+Epr9ul1rLiBu9ardou3fmHn80z3fbRBuczAnC+BYR/fcOeRFFEfb/OXMP3xrJpcpVKeqidHbl+mtdMZl/aD7M3KN4OxC0/8v9vBlG3aD4KSt0WR9FXiXFfa6c9weLnQ8qy4r7arXe6ofG+j9Uzvtis9nl63rv/Hmd65KdX4p756+51nR+rJyfPr7/4LwXqfoPud6ouqSvF5lMOw9zhkLKeID8ztnfcndP4+BWrdIMgWr1VVc8fN/KD3aclk1kZD5O78RnlRsNdIvJLSF3OIw410q3KIgQmrmngq2yHkG1id62m5oemr969eqHrH6z/WFZvzE/iLbPfvjXrqjffKXjVLHNVL/jWmlTRPNQe88U5QrzxNkWlW6/I5ymy6Lmm6a6m1c31lX/N5+1ik4zSrpS/j8j88F8Y4YOZKcq5akdqSg33lQvBbWeynoGceShng2xz3wiVEKVjDcm7jub7tdJvepKJAx1T1dqvVzV3WMcHB7rgPgO5jvuoQNav/f8/ODmn3UPdIPfWewdvTA6xdZMLvrzLk90nfVKOWJXbc064BSpM8SE1482LmmNwAj90VkVG71MVpXTjl3nXqnP2f61U+i12+GvEUKJ2qrcrNtOVWQq2ztF7nwpsp2OGL28Ny1NCj3L6IW+muqP+U7P7fsHI2duF11drIldvTIzZrvaznKxUfNDcMzc5uPhOz0Jz4dGmp4PtPRBs1vT80rPPdwnyAs5/dMvyJu5/W/OpI/ryvybY5Oxh1Wocvs1mLH5DpOQEcz1P797tPaHmto+cfud0pvBNTJlRbUrjzN4swK6v27V8mwKHxpGnqeo8IJgsYgL09SOEMwcqMfasij3jl40NoaMFiLXjCZXGqKGUMFXS9Lrox4AxUXK2he6oy5S0mHgX6awXb4s9xcpqolNqcP0IqUdA/UipZ0B20XK3Ihaz2z3RI/Ri5S3MNNidpgVjy1Oj3PiBdt+mLbkYWptZ9bLlf2/NnXmdix6FVjKA2yJpVpjGJaiwAZLG+nhWMq0Er1SLDU+e+5Yyh9ZTxlmfs+GmBJCuaK+CgFLAUsBSx/B0iFhJDjimAniAZYClgKWApaOHUtDxij1bLC01RiApQRFbDiWHqS/iaXIuyX0DgcR41rpGrG089k4sZSjng2xl2CWpgFT+EVi6V9+/vjx098+3X0yTxZlq3Nz8gHIFcj1acj1NNKokgoxCRuqQK5ArkCu4ydXSsIQUasN1UZjGLlSakOujbQFudIIsWsk185n4yRXjdwPNsRpwAkLOCIUyBXIFcj1kuR6GmkiYEwKjCkBcgVyBXIFch0/uVJmd0K10RhGrhjbkGsj/Q1yPWrgVuNKydX47LmT6+NLP+Y9G2Lm+wovzAr/IskVsBSw9GlOqJ6GEaaCqVQihgFLAUsBSwFLR46lIaN+GNgdBTAaw7CUeDZY2kgP31AlmkyvckO189kosRRT2rMh9qlc0MTnRL1ILIUNVSDX70WuZ5GGQ02w2FMIjgIAuQK5ArmOn1wZIsjyEKvWGHgUgFsdBeC2RwHwlZJr47PnTq5f+QUl6dkQ+ylNcKoCAodYgVyBXC97FOAk0gIhfCnQAodArkCuQK5AriMnV0r1ZGyXFaDRGEaunNmQayNtdf2KXSW5dj577uT66NJPsNezIU7TMFGcEZ8BuQK5ArlecM/1LNJC5SEasMDjQK5ArkCuQK7jJ1dEuCW5ao2Be67D06wepK32XMl15rNqfTZ2ctU2xIlPPK57kBIgVyBXINenIVcTaSHmge8FSAK5ArkCuQK5jp5cmf4vuV3igEZjCLkGEbXYc+2kh2dixTii13n9qvXZOMk1DHs2xFilnlxgTgNbcvX48wdXoFKg0qeh0tMo4hypBZZ+oIBKgUqBSoFKR06lIWMEEcszrFpjYCJWq3RWzDqdFbtKKu189typ9PGTdSjo2RDLwGdh4Ak/hf1UIFcg10ueYT2NtBQpwTy8kHD7CsgVyBXIdfzkSgNumzdAawzMG2D1CgFi9woBQiMUXie5Nj577uT6+NIf0p4NMU6ZR/WiGr7MN1sBuQK5freMV6eRpvw0Xeh2KQnkCuQK5ArkOnpy1ehgmzdAawy8fRVa3b4K7fZcg+vdczU+GyW5Yt/v2RBjjBjlQiwkkCuQK5DrJTNenUZa4CNBpCRJAOQK5ArkCuQ6fnJl2Pa0gNYYSK5WrxDgA14hcJo3gF5l3oDOZ+MkVxr2bIgVC3FKQvMySSBXIFcg10vmaj2LtECkjEhPALkCuQK5ArmOnFwpIyQI7W5fGY1ht6+QxWmBTnr47SsURsS7RnLtfDZOcvV5z4ZYhqnyU+WFvi25BuT5gytQKVDpE+2nnkQRCrwwDJTwIA8rUClQKVDp2Kk05NzHdicBGo0hVOpbnQTwB54EeKDSIKL+NVJp57PnTqWP3wlhtGdDLH1C8ML3aGKdEwADlQKVvnwqHRRFC+wTFoYYfssPVApUClQ6eiplAbO9WWU0hlAptbpZRQferNJUitEdwREmEb3KHKudz0ZKpWHPhlj50g9Z4vsv82YVYClg6RNh6UkYeYynnKWpBCwFLAUsBSwdP5Yy4lunqvKHpqryrFJVebapqvi1XpsyPhsllqKA92yIU6oEk1Lyl4mlcPgUyPV7ketZpFHk4cBkXIXDp0CuQK5ArmMnV0r1XOvbvbTKaAwhVxIRi5dWddLf3lBFtxTdadBFVP+9RnLtfDZKcsXHV+kYG2JBfcFEqLB16v9RkCtgKWDp02yonoYR83lKkkBQClgKWApYClg6ciwNmceY5e/5jcYwLLW5E0WG3ok6YimOWHCNWNr57Llj6aNLP0WoZ0PMVIilwl4AWApYClg6+FLUWRiFTC4k5h7GgKWApYClLx1Lb/ScozQk/RvOs9j3'),
	(28,'05a163b14f80441c63e24568d07c4920',1297668285,NULL,'eJztXV9z4zhyf975FIhd2T9VtgTwP7We2ez4bmfu9mZua+3LpPLiAklQ4pgkdCRlrfbpvkaqkte85jWf5x5SlW+RBkhKpE1J5BhSfDfe8s3ZEoBuNhrdPzQazYvvfklidMeyPOLpyxMywieIpT4PonT68mRRhOfOCcoLmgY05il7ebJi+cl3r15chIwFCPqm+cuTWVHMJ+PxcrkcLfURz6ZjDWNz/H3Bk5MXSP4nW04Cf914vshi2TTwxyxmCUuLfExGZNzuEcaRf5sBJ1la/T5pN0hYENH1qDmjmT8breiM85HPk3GS5fn45NUL6HNRREXMXv3MfKCF/jSPOQ1yVNDpFJ7Eny2gIw/9WRblxcW4bCt6xVF6izIWvzzJWRyeoFnGwjU9Oo9GJVuSWs6yu8hn+VhIJx/PZ7zg+c184UGT0TRl3wG1/GVJ6x81zEP4p6R4gsb3qNG4YFlKC3aCitUcJF+wX4rxrEjiezwIsTd4KImOBaVx+6nGJyWNKHgF3042fc7EdE3qniW741IwYxrH4/vCgQHkOD5PX1VMxKNVlEwlA9NxlNApCMFbBMFKNBp9nE+hl2gu+uULrxTvxXj9q/h8MQ/gcYNXGibkHGvnRLvGZELsiWH+68W4/la0nLKUZbTgGVpk0TZBnLz6Qf5xMV43L/UApj9bvZJaVOnEpXxAxEN0eX/+Vc7JHMb2ozimH/ksHZuGbmPdMU27mph9U9PoUc8BdJHTlc+2ym3zfdm+t5ShbeBPxJ+ja3rL0qoHOdfxNbEmhjPRzHPsTDC+GLcblp1hugux0kpJSSG9+uKLL76Mi2/nX06Lb8UvtBTbl39e8OLbLbJjfB6ze7IrO4hRfqo/R7+HL9BPQlDTjM5nKzH+mIo2aM5zeChEkZTjRH4jeXjxxYvB/OyZy7IvkgpUDXRfvTbcC5qwblCe+W2iIc0ScwSGtwDL0aBuEEwa1G68QLdtw9GxfZOIZVZRX0ZBMatG1AxcfTpj0XRW1B8Ts/oYtHono2hcs1qKsyG+jfSuZwwteRYHKMpRlCIvpv4tAr+BlrMINAO9XhSILzL0hssmPo95Fi7ikRjBy0oaL1p/vAEb6qMgmkYFjZFPE1jEG9oX40rBKnWji2ImVnjpHC5SaP5qu3JcjGWDujWYkVcD1A/WCXSoO1d+Kc1hTZq2q5mu6fzTe+xcjJvf3Gu9No6vGjNudcy4SSxtY0rzcZOCmPHviOYaRHNsxzntpL6hVApq3JRUw7iB2495vsjWxk2a8fHHOZves259ldMJQmxohh/YN1ywWjk5YRvAWEx5tkJgT5OXJz4FkOHPAAX08Wpbh4n5HVMyEKe3MaiukrFq/65gqClXw9JHli9yJSOFUaxG4m2Ioe4pFY7n0ygOeZZGapS1ZVHUjzjf2LpPGPxiXIGkbrz04yJBH+gMXbEl7BPQO+rPopTl6JKPDgSddMvUDJeYYNlMMDEYG9jULdIfOdU9diCnEtloE1Ob6PZe5HS/9R7khM+xfo6Na00HwDQx7eMhp5boNtDD58sV48vDoqRt09YBknboVE+81Ok9ses0CN8Ytq1ZNAwNdyheIg55gJf28twLOv3IlzHnKbqMitUZesthpB/hn2FQp5rOobimNUHbYU2z2XBYY3RMjG7aRhPWNClUsMbQTNHKPe2kfhhY8yk6tMOpRakaZ5GDWf8UO97B0yJR6LCVDDUDZb+F/ykZbMmiTA1KChdpqkbmwSLx1LBEo0KNzGFpwL6KqwEepdVTAwQ9YIyFahYNWyrTTyUDqVPyTNVIHg1YOhUwR80OZUHTaaCKuWJGI1VPmUdTNcqeF4t5pMbCLAs1ii7Wn7o5zCWYSUoso2TE//3Pf/uf//4vRUtIYqWnuue8VeRdwdDHqjS/yGiaxwBqFImtmgIf0Ko6P6sOKlXOqOCfbtf27H6jaczyiKKAIV9oDj/Qnrc8RvFWS5YXoTiHMXXNsQEL4/773nWPnftebF1jY6KLHWmPfW+79f59ryV7WBONTIh1vH3vA/FttpHTjE1R/fnosFvgXbPYsQ1+oFyP2fwSy2mQu/Fd7LpUC5g3ePOr4Qeb3y2c7try9tnItudm6H72gbR37GltormaY8CuUlO0p7U0p7WnbVCo97Sm49rYsk47qffd00JrluZ7zYqfMWDxjgFvCfAjj9urrvnYW421ER4HjAUjlm7MqdKd8z0FxLbrY8+lIdlzIJAvUlApdTuKX59slHoWZGpQG00T+ISrGmzOgkzNYJWdCFhpJdTsM8BI1Etc+YAHDZ1fZnzhz9Bv0wC9jeL4QNABvNgdS29uWRyvYBXaGrEdl1i9YcO6xzbYgM8BCxBdJAJgMtHc3bCho/Ve2CCwhn0t8hL0CT4ibGiJbuN8mx8fFjBsm7uuxIK2Mj0mrwA7ZoPYjUXc0KS6HmyHCsTqziswHkKFTj57xcbfrdCMJ2wE/4Ed53cg681gI4SuZyKXoExbgN/yqFgItUIfF3mBFnNUzBjKOA1QmPEEJSsUwk4IwY/4ouBzmevQ5m40LPDenK6haKU11TuQiuG6tmGK+LehKvqu6S2k0qBQJxXYWHMJdk47qR8xqWCPZm6PHmWMqTnljnkaKI05qOGK0TtFD3gAXJM6ajiTa5MpysVIeVbMFM4mKP0iOexR+1uWArnXfIX+sPB4Oj0UYJiLjFUYAuC64xqO4RC9f5Ch7rEzyKBZ14RMwI9rVo8gQ7t1n7RE6IH1sscR0cJabhvnW05ZOV0Hhgpds9aBE+4r0WNiCuAUGtRuiO4y0/FoaG4HCobTFyh0M/rYkEJzQga76LWIdyT9YZAF7OrBQ+Lh/lnvkLKmme2kvwaF2j+bpqNDs9NO6kc8Hd+jEDtOagNxy0BRblZKA0XxY/7nBSwdqiaQH0ulUzJUQlMQF1Xj8cVed8kV5RNWO/w0UrjDfzQk2eNX/0B/gp0ARfdTns9gS8F4wDOG3gCATMEYLWJ2R7PgDH0QmcwI+kVpfobe/eZAvjgJAPQUDFCvbluwtF17gCuue+x2xZpwlZo2MZ0+rrjVupcrJtfEmGBjYhrHc8VrsW282zuarUQiL/pZfIPMw3rjrnnrcMYqNK+nA9c67DUxNLvB4Q11Lep5YRgOvkFA9Ic3CNQ9XL/wAE1XgojY2GcRbBNy2NjD7v53aCkVi9exgWVUzMS1hLVG8DuWQdsoK1ZoxWiWIzrliBagkIH4fB1VSPlyBOPBR7C8RdTAW0SxcFxoSXPEs2gapRT276BKGVjBAOhGNJZRi5IX0Qw0HegJhYtSYIpWg8PAxVdAWVzAq58ARprH1GclyzEvcvGAUxHKR6Wmy1sVsLtNoDVfyMFF+FKe8ALlHHiDn4FhjPtLZShOWiv/dphk2LZpaqbxaTCp+8KB0TpwaVKoYRImmqkT47ST+mFgUp9lh0MWeIHvwK977kaoixgk1Rw/DQfdcewAGjQDz6mYT5oBPPH5Ii1WB5AAy5XKQN6WmktbqJTZmM6FYT7ArBWVYZ8Ku+7VZl09YvtAYyATdriWqwQMsECz6J/F9Ycpg4+KEXwtZ/5ISM3GNjFsZwBSq3r0QGpEmxh9biS0W/dFavrExBORqPFZIrV63jqQ2mM07nFpG0aDsxuDMc/FmhfoKhDa4x+qFzL7XYWl1nfrgTMAf/IYhri2LbAZcR1thK4EUqownEjdKuoOCUsAXjHAR3VHeWgTQfPu0QWcknCLxku6ErhqCSKWcClK76JCgLZ8HmXikChGIU0iAFvARwJPKhsVKGRxgeLolpXHTs8Y6v8LQ/VZGMR0MTU95rjPGOoZQzVTtCuGlbK6LA3nIeasNrx3pd39uzhFsnWNWBY2BgCiqsduQIRFTgi2AOX0AUSt1r0AEb7GbtnjczxFWs/aoU+RsN6gdhOEuueElg+/bk83sZ9Pkf6OT5F2K8TzKdLzKdITPEV6A4B9jq6gHzp1dETIGEwndg8VbshgQYriDjlPoWNGYUnrhmGbhu64/f1s3WOnnyVEXvIAV7i/iNT91rv9LHZlbqch8zvMCTnmEdFDAW6c2MMvDxyE2DmbHf53i7I9zg2bDaI3nkWY7hmG5w+vjvDQDe/kt1cQ4TX3vBX6AOhYHojAzn6eMXkxcSpyON+LdC70libzQpRPeBDQyDn8lMEFETl4S1N56uNnbFmeDwV8mcoAAGgcEv4LzSSZ9KuiQSmkcc6grV9kUcpGKObxsLjAw5keHBl4qCs7gIRDbAOcObhyS1ENKoxbMYImhXUNKptoxNRPO6kfFUi0VNrwTGzqATO148UI5hn/yHxFVYcUpmSK5aJqKyxWpJrrOWKNKxlJt0w1V3JKg/I0AEiXdlWGSZ1SqHzijN1Fd1TNrZy//uXfYVKr5fTXv/yHqkGrEWFsVYPCUMucqJ1f+umiHABbTRcRPBbO+biw1dQtgILaANha9egDW60+tU/vt94PW7HsAWhVn2jPsLVrNvfA1oayPaqolwwW1ERvmMNCnTqWO/yAbA9sfcBvL9j6fcpFDB5RQJsAXwBZpgFdIXHXRyTmlJeWElFKENDlFc3oTB4/VUlLMu/nalFm+QAevY1EVhNHb2KWou9j8e99qCu+zoHCLBqhP86qnqIOa44uaZ5H7AyGRgkrUMizRGYrwS9y9DDKRP9IZitB+zWT65ynFV98dVf2Fh3eRbfiMLBi8JquYp4NPCd7xsPHLF7WXiuWQbBnaja2/jbxcKWfTw1bl0tcIVcRVQPHVIHiAwDZMEqDRM0motKKqv7+Z4Y9Z2VcQ+GC/WQ0uwd3vqOZQLXFAwd2IORJF3esEAUoRDAAOwOSs+oeu8vmmPJGuwVgsE/ZnFbr/ffftXOdXBNzYrhHvdFWymyDzj5GSbJa0lXKDosrH8xVB5Tcqj+PyrbS3AbZG9cNDd/X9YCoAJN7OO6Z5F6OcQboj3o0GVgEfzOBQ1FWOSXbgZVFNNvRsflpJ5akKxmpBaua45ewihgWSBnb+LST9nHr55yn/nkaHKOKTltDNd9imm57xwxpilM+pujSdKnEalyfOCnMIl9VapdcZ08VL+WFH9MoK7OwDlCZ5v6mkoLVoomXRcGUHchBB15GV4Y1NjWDEGxgp/9Nt3WPHSVqtKqEDHEn5p5L5x2t+5So0ZxrbE9086iV7Wqpbbxe9clhPXTHZHXVpNmlRo8K+og6IGvSN75FCHOIrys5q+zBdS9ffSkSf0XE5h+GOelKtkM9dD0l23000YkLrsMFP6kryioi2Gx66SaFyku7OiYmtuzTTurHDH60dSakjuYZpuWwPZ5zcauqqhgtQIcKGik6TqpVUs2uOZ2qS+RdFGqYUlieRWVla4VYSpgHVQOpkdMi43M1gEwOpUg75VCKwmCLNAJ3eBuJ6uRqcvKmakr6C+ugVkeVYk6Bc9RDzZ8usY4tUV3wMC8Lck3X1A0i9oZg/nWCsTi/6w8t6x67oaUhr865E7znal5H6z7RH6yLIgqGPtHdI74sqCm6DVqLo3jKYPvLwJlrB35l0JbJ64CatRo9DlXqDSo3pu8Sl4SaR7cnoju96x62Gez3HsVs1ZHL1novomxyht5fDoOYrTkc/J6g5qzsqFTYaKbqehrBrUqFDQrVUZtjaSbRTXzaSf2oaLOlS+KczQ2I6ZjHi9OI1x+Dp/ML+SAq8oPUxFbqe17qcpZ8mvFY3UsDlHtO6fXUXLAX613NQSyPbw8VPqpsnXEkn45d13Zhd9ffp1c9+vh0e5BPtwf7dG1i6p+zT68nb7tPNx6V1U6aVG6C0PK8UCO6ptCnG88+/bPw6fd0SfM07Hi6j4945fzZp3/icQljc0WvJw44z5bK8nsOcDIkH1XNTHymwMU8XjACE31gMEL06ANcnAkh/YFL1XpQMELksny+wKWevO3AxXz0rfg1lZvAph7zdctSktfcZvAZuPy9A5e2Lml6YLiuQTT/Gbh8RsDlqYONvw2I8IeIzVn2VY5+4NntsZJXvQwYuUlpPhNlgZhc0QbsYvX+b39c99j5GicN0AAWvn1fNeiO1vvf/micY02gDfg5Zhrrfelt3PIVY++i4Pq9aI2+prcUvRZtvzksktgxmx1gYrfC9YQYWzyY1qB9wxxsWRbVg0BFbKQP2/2AR3V7KRevaDolOgIYIi4f/TEO0DVLU5bnjKHrjEbxCH3v+zyTFZkLLlt9AAlHNMkFdpEWAb2t8gRpDJ8kUZ5H8F1Cs1uWTVpwpo1tYKw/paLpO8Zk9cC3fJGXhQhEFeiiZKt87xQT5aWJo5ERAgaKmeTkZyboysrMKOF3omRzsb7YtakwACL6Pg1EWYJLeKSpbPF7zmLxKctyAbDaogVYSOWNrfoC14P8JVkHTvz9vlY5caVLcKiTM3TFivKa2M8MhvIpupqDMBKaoqWo0rgZN2GJBxwIyXoMeXReRL/Cyqhvj2WsFiZQyqM0ByK/oXdRAPzOc1A4D8VyIckC2GlRtbysr7jkZ2g54/JumSwPKUVoaWeCHg34vBBLMRLdZBXslKfnYlBa0LTIRWvBxGUEz4c+0Ey+D4xFGZrDbElaMMy7KI4KCm7ijbgkAd66FvXvy+tjcjYzJu5ksGDUmv+2zPM5cMEzVk7eazARG2ws+TaN9dS+hodZF0GnBboSs0HjuGxoWyWnQgNyoRGtkuKlZpUN7YE367bZtqEI+7612g6yXcPEmqPZ6nLANdKE2M3xq+wy27Ydg1j4tJP20XPA1SaA9zHagRZ6Zmg5wRFrhxdqUFpRG++nim7FolOTMb92Qp+MSjuS46RFysH8qklQ9BKubiBNyUg8DtZKUggHf4BM9wXY7kQ6sh+ozzzOb+GXFP0kLmsL1/aBiVp9qXwdZN71LguWgJWE//+XQ5VMENBEII5iCU51Cp6DZeJloK6rGQTr/bPk1z127wC0a00TWez6/mPP+617ZclrInooexyxakKnDDfY+V39PboWDQ5cNWHfhHZl0qtT00dlSLm4weiNwTTLt3UT48FBSasj7171M/bM0ldHdevuYZuC8HQUeqOEgTVY/vTHmm1hNcpfUx7yOObLzZzd79F6uDW9r8XyoX4xQVc+LwrYs6xYJqA+7GAygMFpJJ7pm93bnXuLAvkgFQmBmKgDIYD8LtHJwumAf2GPVL6wxgeHlZZvsOGLrLwUMUxaYjm1F4/UyrCiHdJ0LtBUDyn2HalDdXoWf29KbnBFi04DsaMQvOMS4poivOwoCm5j02gVgm9QqILblutamkvM007qx8y0a9skahg6MKSFR8y0K6QJUDTUL4oKspar86li63qpKas9CyZ6Jiy0mri2sJqJMJqKEvupuMjiAb5RM+DG8lamStF7gVIReSiomusMUoiA3ONPOQrZd1DPptNVVQEpStGPjGYpW52h9799fSAY7vOlx1dgf1KwNo5pGobt9i9ov+6xE3sT+1rDIiVQ7xN9b7fug72hh3ghkOhxPOzdENzGAV/KD6/gw8Ni7e5Z6zqy365Qjwux4wbhG2JrLPBNnzrDAbPxADDv5bl/fJ24hlmKHeUzvsxRc2whPhmSBCJhBsohMBzgvBkXr+g5L/j5Gx4APMzQ19GIjc4QfI4SGlTvLQT0F4uwLo3PUMoL8UrDHOT0TZtn5o3QVVlyV4ZNAWKmU/EGIFmxN2MMBXQB8hARaPRh9GGEvv6SJvNv5YN+4DxYbf78pmJchGCXUcgAkS7AEDD09TtGA559U4aaZXw7qcCwDLnWsfqHRdXkO4WGocCNjg8FgA2t3RFtxZpuOgJ2acNBn9GhrDrB7XDrhkCF+UxdpI0Y+LSL9mEgX59V5es2CwPX8Iw9kC9l4InzW0X1JhYJV+TN1cOr23JdKav3sRKbEEWH8+VaVDigMFXK+UukpVAjwOWncrcHBV1JyzWD+Tka6HGN/mVa1z36gR5jf7ri/daDQI9xxHTFJwZ6xKx1gJ6N/vTEOJ1vs9Vss0HnxmPYorrjmoODghrRH2Cc+ywOgjRWC9LIlxfCloRV6EB6+1yOX+MdARgEVqACpKzkcfyiEC9yFge3Tawi3Yio3spWm2NyHzagQcbksfYzQvlcEEqfNeF4gesHNgntZ4Ty9BGKXxuKzwv00M8TQ4Fe87h+L8zryIsPVeAsYz5Y+ipJSrzAVLdNRx9Qi2LdYzeewuKA1bR7BpFarffjKfixxNuaTG2CjxhEasuucXBbpZz9LL8/LKzaOn9dyOqhVj0qjKTrDYI3oaYbGFss8FRcBtnKa7/z05jmuXgxc1kSvmOwoW9Obk3pUGDSnqQdF0IcRyPYsRSCE9PVWxdCGhTqCyGuZmFCtNNO6scMoLT1yQDY5Du2AZB9NzzJ5eyqqbBZTpGa8xWhZoreWCPU56liJsCGv0aPcoEvQNsYGPj/A+2uADM='),
	(682,'1cbdce3a64734115ffbe1a6a651d4c6b',1304449250,NULL,'eJztnd2Tm0YSwJ/tv4KT6/yUFfPBwEBk+RKnksr5nEpd9l7uRTXAIMmLQAaUtVL3x18DkkC7sECEVEoJ2+WSUPf0qLvp33wAmrz/uvKV32UUL8Pg3QiP0UiRgRO6y2D+brRJvDs+UuJEBK7ww0C+G21lPHo/fT3xpHQV0A3id6NFkqwtVX18fBw/0nEYzVWCEFO/S8LV6LWS/ckkLdc5CK83kZ+Juo4qfbmSQRKreIzVYw3PXzoPEfQkCnavrWOBlXSX4tBqLEXkLMZbsQjDsROu1FUUx+po+hp0Jsky8eX039IBW8p/1n4o3FhJxHwO38QRPjhh6yzEWvoTNRdNlfxl8KBE0n83iqXvjZRFJL2DObFejvNeZcZiGf2+dGSsps6J1fUiTMJ4tt7YIDKeB/I9GIvf7Uz9naDc2khRn1gSfiKjQCRypCTbNTg9kV8TdZGs/Cf2U4+X7OcG1dSKevSF1FFuYulO4UOrUPkmDZS1V8x7quYuUYXvq0/cAvpZM04YTHdd8Mfb5WqemZ+ry5WYw9e3N667TYXGn9dz0ErFU714Y+eOnaiHl+nxzdqFL+tOCcLoDhl3mN9jYmm6xeh/J+r+01RyLgMZiSSMlE20rHPDaPpj9maiHsTzBIC4R9tplj67ZPjhtw8zamBcinifkVj7YgunlmmqGkeawU1E9V0smqJR0tj7HVSyCMWLWl8Vn+fyrT0Lsq5jpW/H9+JBBjsNfofMe8QtDf4ReGshNFGPBXNlCHGSnla5lzIHTV+9evXWT75dv50n36YvRO6yt182YfJtjd9kuPZlyW+5cNrCr/tjaVOqSA8p6zCG/itCyVxmZZ9k5l6/et3Z9Ashy/WULEd2jewzp+hgagdOBSWOnGNDnohWbAxFNIEyULKoYURKVmYOtZFADLlotkrPnJ3Vx6WbLHYtEg3tji7kcr5Idoexvj8MCVvZQUXddzF3XclVryfqLnq7WIpNskhPmbzMTgKxktOD9ydq9n7/IZyG05ahhHwD4b3irpgHMeQ2pVw3NMz/8QtiE7X8yRPpQ2GZllyrVbiWIsMoylCsli2krn2PCUWcmAybbyqtF5Zyn6hlp5QKBLDSD+NNdCgQWQlUP6/l/EmFaJsFGsPMM6VLvVmYdnWHh/Qcg5NuHkZbBWrSCngkAhEkYbAMgdDOAhDahgu1zSVfe2kGevV5I4Jl7MOYoZcWvWjpiu1CRHYYPYpemjzCWi8tfg63ofdZxpv4TzQ3UXdkqobUh8UGBjV3n+4UexklC3BGrNwpnnDkmbDlO3Yo/fRrqIRig1Kma1pbbhUaNdxKoUIBRvcEWYhYlLzIrSrpl7m10yD3CFvEsJB2OW6VHFdwwd/4m7Etff+84KoOWgW56tOpJcsqCy7BtGR3pnPuUep6zK1lGeaVLCsQV7Csqcun0u0Qoq50Kzm9Hm8YazrHGgXAoO54IxXexgD2Mt7KFnZ4Q4ZOiG7SN5XWz4O3NolBJKZYeC43G/CWRreX0gwzMieSYtVLY1HoPPTItlNB1I4cP94dTptLEUNjiHcjRqrRhhi4aaZTJd2eGJhbzLxRYmRBqydGKY1akoJWFASoB3rJ3kx6GrEF85DskRTPujoQ4ioI0SYhCBG26xFNkgZC/CVr8ceLVGCdEd1guEMF3mm0G7MjrcuYPZPuMGanNzpm3wetvgJ/PKXuEk5KVmYml9hjlLtG59UmXlt3Pw7V9tqr7ZM00F3OMfU0WzRU21U/o3EBUbndkfgvFx6JQ5QNbhjdOJBqtOOAxrpwIJPutHaDb5UDWdDqOfBLPyNxxGnJ3oxKbus2zJbrR+LdifCsqwMbrpcNTxKCaY5DCTPdprWav2Qt/tfxauInCa50xcWW1AkiHZfUQaNdWcZGl7KcSXcoy7rF2C2W5X3Q6stydUadVKGxUTI90zB1mUaR5D2ulbzU66FYX3GxfpIbmkk5pxQ1DeSvc2F9lafd7U4NviudhpeaGzAD0W5zg1Sj3So96TA32El3WKXXLcJvEUL7oNVDqJxHp6BHQ3rJ4MwkWDNs+Kv3ODl43tcBONcLnCcZYWgcm66NDN4AnNte8vm+lOPfKN+BLy62A4BJ1x0A0GhX3anZpbpn0p2qO7vg1aZXVd2zoNVX9+fZdEqNp4ZZMjvDhHCTSO7aPU4v6no8VPrrrfRP8kKayKASY2kPlf6FSv/rnfJRbC+1gKQTrfW9BIVGuwUkxrssIGXSHRaQuMWMW6zu+6DVV/c8g065DBNpZskUVHRdeo6uYdJjRS/3cqjiV1HF2+QCM00HMY3xphsLHsT2Bov4P0WwEWCMoGSh/E/5EPqu8mMECXymgu5u4mTryzl0kEDOcISZ1n6j9qDxQkHHdwTfI80i2NKaL9h5Kt1c0EED3af7uqaFL1jQS44rKuUPcHAZKN9H2zgMzlvUqwNXUdRrM+qkITtjJbMzzxMGtaXDeinwDT1+qdgfnPlzoixErNhSBooDDchISRYigBDEQfi4EkGswH+LMISoROEmcKFbkRwrCiguYyWWkCchqMM/P3xUKFLSe5yg3yByDw09KD+B6qNUfOklihdGym/w0a8ykQpUGrAllQ95pVA+ZKVCWYs4CaMYehN4YCpwJDQJ05HcZrwIN/A1waBQPPmouHIeSRkrjxCBrO+g8rfim7aB2lEydgVbKb1eumPOxJppan8ObLV7v0d3zBUWdmBjGgGSGPRNpfW2YANpGcSNRTPdWUiWv0vo2wr6k90qvlONVXt7Fzh3gauSMVJdKd2xDApu9DsVenK+mZRoHjAVNUDUycZKvYBvIZJe2pmHodcP2b3NH3/001JxTvbSnBtGD/00lJ3CdnYGX8XopaHFXY07yZ0NA6SfP/2koGzEcZ7xkIge/G0M2FANKDSGQXHrvamDQt1oyEhvfkf6PaEWwxZq2JqqkG4YDYE4uyPaPQyekGmRCy5eltxWDCvyg7P06JnHQlVBqxgK7XOn5cincuZFDFIYmRHmctc1DOn1MfA57t+pk9qS+zvTv3BoPf0NjBlFTP9z9MdVmNPL7C+3n7MfE80wGMHsTaXtvz77W2Qcp8x2CUMea7ox34HRbT81PpCPK/kVPNsPMfobk8wj4W7AYT3RUfj25stGRl/6GQYswrV0FtESGA7zjf7CceYliF0VQpchrEZx+yvDDwotCKuxxvWGCum2hEUWMy56BeJVETYPWj1h0SmERcQsjMyokB7MCvUXbszscMXHcf8Gwg6EfZ5xUnADI2mTpitKBsIOhD2BsJRfgrAUm4iQ1nu0B4U2hKUWarjGv0K6A2GByRd8CMIVEXYftFrCUn4SYRErjMwoxiY3pG32cgvucf8Gwg6EfZ5xkGpCZx4Twxx2IOw557DneqLqk+kQQ7pudpnDZgptCKs3XgRVId2BsNzC9CYJuw9a/Ry27TNVK+sdNmlhZOYZ3NUY0Xgvdy0c928g7EDY5xlHKHY04QijaYN4IOxA2FPmsOwyc1iOOtyoflBoQ9jmm0gqpDsQFma9t0nYfdDq57DspH1YZhRGZsixiQd1X/by+L7j/g2EHQj7POMEvNJdUwo6EHYg7BkJa16EsATpGLV+uvpBod0+LOlA2J10p31Ycpv7sPug1RPWPGmVmNHCyMzUdMM1NVfXeiSsORB2IGxtxkksbM/Fuj4QdiDsGVeJ9csQlhKGWz+N/qDQhrCmRdtfS7yX7nAt8WV/vuSqCJsHrX6VWD9tDssLIzPdQ4J4yPREj6vE+kDYgbB1GYcNYlNbNj87ZyDsQNhTCEsvtA9raO1/beCg0IawvPHHBiqkO+3D0tsk7D5o9YSlJ81hKSuMzDgWxJQ6N3qcw+77NxB2IGxVxkldSEeHlwNhB8Keb5WYXIawSDdYp7t1MoU2hEUW7rBKvJPuQFhy0Z9xuCrC5kGrXyUmpxCWIlIYmbkmY65jcruesN2vJSYDYQfC1mWcRiVziO3yYZV4IOwZCUsuskoMWY2RyToRNlVoQVhqNj4MvUK6PWE1/YYJmwWtlrDkpFVizFlhZMYNpgnkEl7/k9adCUuGVeKBsLUZx3TNJY7jYncg7EDYEwkLdcSD3J3+H6oF7kc='),
	(80,'0d04fe9500542525256bd7826ee5970d',1298174249,NULL,'eJw9jT0SgjAUBq/yTWoF7SxC6PQcQF5IZsh7ThJ+7mbhkbyCSGG7O7P7eb11u8UJC6UchBt1rS4KxIPYwGOj5uLON9UanSg/hTMZXWgr5i4JxRP6RJ2FODzEImTsaPVh8BgkUvGwsjJckribbiE+oWOLMSw/OQVHmLnIkVolTbbS9dHX9X/4Bf83Oqo='),
	(84,'7a883382a8c714eec2d1813a50368bc3',1298174701,NULL,'eJxtkUFOwzAQRa/ylXVIYYcgbVUWRUUsuYAbT2tLsQfZTtOejQVH4gqM3aYIxMayZr7/fzP++vhsl0fX40AhWvbz6q65rUC+Y239fl4NaXdzXy0XbaD4zj7Sok10TIs1ByRD2AZSGrzDM2vYCCmNxnYGHTtKBppHj11gJx11IF9DeY29PeRmb3eEwScuViOHXjd4M+QRldW5eDq3jXU1XjnoGiSkjgMVDwxRVBJbMBqsxPuFolSLwWQtjzdQ7jdwDn/IvMmoNOGK3hGiUX0Pn6NgBr+n8FiwJ/GWektlAvZ/9YITYmrwNCQJ/cE48VDLbPL6RFB9lKFkH4hE2eK8losvPIvBSixLWqZeKznDtLdrZKY+M18ArftnnA1GK2LrxViukdCpmMBDatpZ+c12dv3eb6IKubs='),
	(86,'c6901293a77068925a93ad581bde245b',1298174904,NULL,'eJw9jT0SgjAUBq/yTWoF7SxC6PQcQF5IZsh7ThJ+7mbhkbyCSGG7O7P7eb11u8UJC6UchBt1rS4KxIPYwGOj5uLON9UanSg/hTMZXWgr5i4JxRP6RJ2FODzEImTsaPVh8BgkUvGwsjJckribbiE+oWOLMSw/OQVHmLnIkVolTbbS9dHX9X/4Bf83Oqo='),
	(686,'3b9ea906e15ce7f056fc1b2b5c526ef9',1304455273,NULL,'eJw9jT0SgjAUBq/yTWoF7SxC6PQcQF5IZsh7ThJ+7mbhkbyCSGG7O7P7eb11u8UJC6UchBt1rS4KxIPYwGOj5uLON9UanSg/hTMZXWgr5i4JxRP6RJ2FODzEImTsaPVh8BgkUvGwsjJckribbiE+oWOLMSw/OQVHmLnIkVolTbbS9dHX9X/4Bf83Oqo='),
	(115,'a8c4dfdbc0e25650b8a35dced8332758',1298181139,NULL,'eJw9jUEOwiAURK/yw7q2ujOG0mO4Rh2FiPADv7WezYVH8goGFm5mksnLm+/7o6f1EWhBLj7FUe36rSLEc7r4eBvVLNfNXk1GZxROscBowSrm6JBB0tIXiokWXwVd3YiRONTKvrgDnWYhV2krdAcY4hoW7LMjZ5lf1eHQ66HJ9fB/+wF4wzmn'),
	(104,'04eab1a052ffc80a9cd88932e919bf55',1298178538,NULL,'eJy1k8GOmzAURff5CstSu0nBBjodQoGoUtUfmMy6cvELWDW2a3tK+vc14CSjTFXNZraXe8999jP1/jRK9BusE1o1OEspRqA6zYXqG/x4+JaUeN9u6iMAR8GqXNVr3Uto8OC9qQj5wRykq5Z2eiTKkYUSzJVkMwVU8viAY1obUA/AbDdcCGy3BBPiDHRkNrjFEDgZibmLeZqmdCpSbXuSU3pHvng9ntl+Et6DvYKNSKO2NOB2g1AteOtZX60dz79/mIFRJ+ho9dhMWvNwCO664SmoNQnhmSGF+on8HxOuwcPJk8GPEqPBwvFS/pIfpf2vZjvD3xVfb/AYWZANZjIEFPOAyW0ZM0aKjvmwLMLCyben1/emc+BcfnuyWO1AHmOrF15C+89rQAk6rHi0rrImq/s/017XysF1VphZfd3412i6+OOks/CGN/RyPe/ZaD47oTr4LnhT7LL7vCh3tPz0sSjyksbBQpMFd57syfCwSN7mNMsSmic5PYQ3RsvqrtxSWlFak7NlU5P5L2v/Agc4ONo='),
	(713,'005693122baa644ff3f5a15d319edeb2',1304534449,NULL,'eJw9j0FOAzEMRa9izRqmsEMonQoJCVEhIcEJTOOZRE3iNnbacjYWHIkrkASJpf/3f/7++fo2m0sMcKIsntN6uB1vBqC0Y+vTsh6Kztd3w2YymeTASWgyShedHpIFdQQzYQae4YktnFGAE2AI3dpXgOUozVbHQrDjkjR7kis4O0pt6xMcWnCV0nioPfny+vYIM5fFKeCCPsmfToliTTfgs2SkMMI7dycThtj0LdVLDg8N1fociye9r7AMzkuvueCJ6hBrqHJz7WQBP7joaFb9N7P6f/YX/tRmig=='),
	(744,'8fffba0c1f19ebd0b906bbdbc943fd2f',1305643676,NULL,'eJzlW+tu3LgV/t+nYAfYTQI4Gt3mmrHTbLZpksZYb5NmN2gLg5I4Ej2SKJPUjCdFAT9GC7R/98H8JD2HksZ21hfNJdkFFggSaUQeHn7nOxdeMnl6lqVkzqTiIt/vOJbdISwPRcTzeL/z13cvHg87Tw9+N5FKXbZyodXBJExonrP0YEK1yMYpz2dEsnS/k5RBhySSTeFR62Lc7eoyC1JpqbJgcspYJK1QZN0OgaFzNcbuq6aLxcJaeJaQcde17V73GXzsdA8mEVOh5IWG8Q8m3WtvmuuUHTx7/vwFOWRnPBTkkCtUlLyDNpNu9X0Ss5xJGEsevDPqkIeeZT8hf6BhOM1Mv6zqpqHXo0n3sv0E53ZQK3hjc6ueIU5r0jXNJ1yzrFHuB0YyGjHCNQloOCNaEJ0wojTVTBFFp4zQPCJKlHlkkXcA7EyRqZBkKUppWdZqElcn/nWqn/AsJkqGK/jcgZWxiNOrClWPx2mSL/3TN6IXO6dxuvg4Fc5xz7atkyLudL+O9ROUF8ibHgt82GoOhOeaSaY0PBB8R9RMeyNGKEbEFFuSRSJIIemSRaZzqSzyJxGRIGVK/R6V6RptPuHAWhYqhNJdrz9yen5/6DiNweKSR5vLML0nRRl8C3gcvC3zPWL3ySGVxLUdB/4aO/7YG5LHNoA+6TYNJ92KJ1fZ8uri/D9zRkjAWA7ggHLgjCQTEhAORKnxNwXGyA2A+Ewz+hHbhDRN8d/KNgBqwUSRMov8UfKQxEITehebDLKfdXSCQSNkpglNZ2TBdQIysko+umxSShXRpRGeMipzIIJOqCbANRSh6Bx+ARYVkivo4NlkCc1Ai1hY5BmJpSgLonjGU8AexgG2KVAtYw1j646GrAmVRj4jPwgZ1YMiiaH5QkiVgNWrqEKbEWEkUDWQJUwAed4IZLL6osrghIWaGWqDd8g5RYD3SAh9Nc0BhaBUbM8MBspqnqNqUpfQ2eARpmWgzGcYlKUgDPFTiUCvk4zqjOVoBrY0kJOL83+Hsgz5lJ/BQGA+i3xg2rjZG5xVBdnKbFMpsgpSHKIyrHFEhB2mgxYlMZ/iFAqqQDWcSQJuDVipPbQKZofauvjteQIIaMIgQSwJSLHINyw/oRmvUH4LBJEcpg6qKXIE9mAGKS2XNV2CkqeRYUcpwwR5QEnBWWiigokwRCyQCSnKy9mZrowJqpquRh0pEHeLvNIAI8AS4LxIWSTmhWqgfB2hcJZUzeoQgziZiCOVteMA44/68M92AaaR0SLAuGPXbRNgOhDLIw5Agj+FovKMQCKIGIEhifMYNLIINGscx3hKRU9sgx6Tirmxz2umIEp3bowqF+f//QxjXZz/7+ZkRR4TfGMZvhxV3G2oaExbfdmNbd3B0PW3tG0t437b2qMx/NLCthiQ4nJpXE0Kka1RO/TvqB1SNh0s/W+czWqHnym1Uz/rjQbDvj0abGOLSxmf2IJqsEXv0haOM3a8sdMqkb+EksfMGbJDFWiLRADB6wjMQOoSQpQsea6qVGJ+UDur+FLaG4Vvv3+5mdU2VZ8sGEb3hK1SBCabAkqHQFAZoTz8yiVE5YBD8ZhARlHo+RmdmY4ZURDpIQEZsVAMpBC0QxCQCiwVUXRIpYYUH1cxPQAVFYEUxWQtOoeGVRJVupxOMQFKhizMqmY55NEECoaigGCT6xQGIQGPTT+yoKp+jRhmefIOShRFl6pSDv6Sq8lmJaS+BFJsVTFRI2FZT/3i/KfdUn3oeX3b2Y7qKxn3UB1ijm+Pe63CTlMjvaenJZNC3U5gVUAzHu135jxi4rhIMfMeg1puz7GHjttBqP6GLen1VSQuDWkkAmYmY8qhBcDejaA0SAWNVg9WGPOnR87xkRTR8ft60fq2af8ipSrpQPkpY6b3O8cBMG1mBjVfiGMbi1GTT6DAkOy05LIq5xZUQ3liFLf+YZrhbBqnqeZJ9LJg+x0NRUr3hM5p9asZAIgGzHuP3R/eOv29B23tWUmY8pR1L/tfOv9slixnI7dx/gd7vm3vDRxn74GQHChvytL9AipPSbn++5nbp1nxpHnf17JkzY+L/X9C539dtlGwmttHPb/ynn3lvoA/nwYh+Ok2TY6lczyVkOwdDEV7W4txdyPG240YfzdieijmwaOKZIZCLSL2z7xwt8GnpthWwWcl477gY4/d3thvlWePMC21z5i9OzLmbEbTj6/PirUy5k6w9T3fG/S3w7aR0QJbt+VmxJrYju7Edjj/S6DtXwBbpz90vC2xrWW0wNYZe94X5+2Aq8H3R78AtrZn97baRLuU0QJbe+w7nwHbu6ro2cxxz8QH+uWx9bxer78lto2M+7F1+mO/VbH3XbWHu8D9IlzSrxYEZikA5b/ZqTPbX6IgAZbWUDkxOcXdKi3WWt74dxnm5IxF8w9/3mx5s+Us4CtRC55lPI8t8pZnBa4hqq3QXeddd9Qf2FvtNVzKaMEDf+zZbXhgKtkNCn3X7dt+/zdb6NfT37jQr/pfdYPT2P5x4f0KCv3rmmxc6N8iZt1C/xYx6xb6t4hZt9C/Rcw6hf5ugomhz5bBpJZxfzCxh2P4pdXGJfigOXt4KRbmHOlQ5DO2NFvDZkepkEzrJYbjWX26wqrdorsSyu1RyOkNfH/0m41C9fQ3jkJV/6tR6GRx+r6Y/hqi0DVNNo9CN4tZOwrdLGbtKHSzmLWj0M1iNtpu2MJlScBCWipGSlVCPbU0Jz3UnAFjGRVUB4sJo7LycNwHVuYQoT5lFSQVZVSdgkoWiqg6x+USirlFSiSPEzwzhqY8J0c0ZflpaWTioNxsQJNMzDkjr0tJgfAhtJIzUD1hORZ/Rn8q8TpDNcrVCYGPMk2CUhN6uYFsWpktbPisoTORNJwxvetqsPK87QJ4I6NFAPfGfqtqcM0V192FvSdY+vLki6+4nNHQ6Q23S44rGdexfSE5YOtfOdXzxr3euNfqxHaX2PKTtH/opV8e20EfWLfd7uFKxv3Y+rCKGX0GbO86JZ3x4Vxkp/zLY9v3neFoS2wbGfdj60FR1wrbJkMsTCROSrx/oihMdspDVh8U4q0yi3yA+I9b10rjdQ1ME3gJZ52tAs++0zL23H11uOFWwbbTwKsLmHCCVIjo4vwn6wQPDWc8iszmwSdHp3hPBhJLqKvMaLYb8ASV5+YezrXByUOqiCjAhixqLjg9+6hZqB7tEXYWMqgQzWHmVMgM1SjKnKvE3CDCyy8gBlCuTlmraQiTMvGWBipLUsh3mNnNKWspc3xWlEf1Z5Sdg9wpk5dXvyAJxyLa9emD0wOKDrc7+lzJaMFxb+y25HhVKbDa6JSEosRj7wze8BpqDqXvHGgCVcfzhNOCqvr6lVyL33dH9WTufcejHze+n7HxFAjqDSsNmmvV8Ly+xlDRis3Zyh8KRmd4Xw0bAMv3TGuah7hAwMtdcYkn+p9IIS9NGYcsTrm5xiXy3Z+sO/4QmGFvR69Gxv30ckfj3qANvd6IFa5QudYAVM6nSigvpSIJAGd81FSrazBqeCejCted9l9vxqj1td61NZ3ByNmykGtktLBmf+y2subzhMoUHEkzVYXV+hKNFrCu1kDqHR1ZJOnZa38x2sx49yq5Y1t5Q3ewrec1MlrYyh+7tx7PdVf/q6ErlTr4P9OaGoA='),
	(232,'d07d141c36a1821b0de1c657d6bf9b64',1299453495,NULL,'eJw9zT0OgkAQhuGrfNkaRTuLBRItPAdhB3cSmDG7w49ns/BIXkG0MHnbN8/7+fLNOg6YKWVWqdxxf3Ag6TSw3Co3Wb87uab2ifJdJVPtjVarz5PhqgGdjiNJIIuInDHoTDBd2hQw5QIssNhagSXyQFi+JcKDDJlFNrTAJSbOhsAU0Gvavr0vf4gv/+oHTrg8lw=='),
	(363,'1c04f043ce60e190f61704205cbf925e',1299584325,NULL,'eJxFT0tSwzAMvcqbrGkLu05x0+EC3MGNlc8kljKWHdKzseBIXAHbzMBOT+8nfX9+mdvuF2wUdBK+Ni/H5wbEnbiJh2uTYn84N7fWBNJVWKk1kfbYvrHDQhFJ0eX15ChAmGBZ4pjnKFiDbDITEmewyFZIV4hBxOFDwqwXvEtEL0HtnOuQrbCq5O9LgdJDUlBaNtJsHKhEP2VFFXrLXFp7qHjCpK+4pwjaRwmx2v/vudRuFfjUjb9uCVSjHgQlqjtnH7Brvtt2Yw44mlP91Zz+nv8BBCZuJw=='),
	(401,'08e399d0bd497304462314e6ade52142',1300459974,NULL,'eJw9jk0KwjAUhK8yZK2t7kTSFkQoguAZQvNsi21eeUn/zubCI3kFowthNt8ww8z7+dLF0neYSHzLLlP7ZKdArmLbujpTY7hvD6rItZAf2HnKdaAl5KcxoI3yqJkt7izoCYFhxcxwZOQLJdsjLmjMRBhio18RZPSx5xAawpXForydN5FMiMnerLBUdUYIpuuivWJmefhEp79dnf6PfAB9bkGn'),
	(367,'4ab427ab3af8d68c7dfd200f3fe3434c',1299584750,NULL,'eJw9jzFuwzAMRa9CeG6TdgtQxRm65hKCxVgEJNIg6Tg+W4ccqVeo7Bbd+D/4Px+/v57h8qgF7qhGwufu/fDWAfIgiXg8d7PfXk/dpQ+KNgkb9sHx4f0VHTwjLKIJ5AafWckc0oKlADGsMoPSkMu6qdjMhSxJ/QDHOOTWDZETxFSFyXYtjM2T1qpbZrJYqu1bea38O9lESj7HAiY82gtYS27hhTzDqHHAv+sKGaO6gcsOem2gh3Dc4cPx/5sfI/Vdcg=='),
	(521,'738bb11e51f4e12fdc8147d4b79e38fe',1301580445,NULL,'eJxVUEFqw0AM/Mrgs5u0tx4cB0ovhUKhP9jEcrxgS2alteO39dAn9QuVjSn0IiFpNBrNz9d3db4PPSZKGoVPxdPhsQDxVZrIt1ORrX14Ls51lUhHYaW6Mrpb/ZJ8jIUQ+h7WESx6VEQ22Wo1SdRJViq9DrY2E2EICy6eyDuRMUQm7KjADcYk0zoFy4x1YXbaEho8bbTvH5+vkNZ31LREbPGGOboGFoOMxFgkb8g5ciOzbmAKE/F+QXLaMJINAZeeVP2VfyK1CzujS00igxsi+eYKBImuFF1jtEN13Kyojn/e/ALBf3eR'),
	(411,'eaab1033cdbb27502761639cd90f241d',1300573476,NULL,'eJw9jk0OgjAUhK8yYY2gOxcF4lEIfaVNSh9pX/k5mwuP5BUETVzOT76Z9/Olum3yWCgmx6EpbtW1AIWBtQtjU2Qxl3vRtSpSmjkkapXQJu0jYSXYfiGIpUiGI4HnmaPk4GQv4UmQEzRjZNbIQRi995golDhgNLhD7r/gYExY7dE4MebUsJwTWfb6NEzvxFaq/o6r+v/mA6vuRf0='),
	(714,'cacc12ccf684a46f2bdbe27d4ddace88',1304534451,NULL,'eJzlWm1z20YO/n6/Yq2ZNu2MLPFdlCI7Zzdx4zRp3NhJmtzdeJYkJG5EcpXlUrTSuZn7G/17/SWHJfViu5VFMvzWGTuRqQWIxQNgH4AcP7mJI7IAkTKeHHX0ntYhkPg8YMn0qPP26uzQ7Tw5/sdYpOl2lYGrjsd+SJMEouMxlTweRSyZEQHRUSfMvA4JBUzwo5TzUb8vs9iLRC/N5iAmAIHo+TzudwjeOklHSnyzNM/zXm72uJj2DU2z+yf4Zad/PA4g9QWbS7z/8VUI5ESGsCQ/CIAZ+SEULJWMJuQMoojnacjmhKWEEo8HS8InxIOIgTKfoB4mcG9EcjJLeE5QD3nJRUBYQlCDWnXIEl8ATdWyGP/PBPTIeyBU4C9JeHIYQMJjllBlDo3IZHtbmqbcZ/gFyuZMhoRGEclDXgjjLdTtTldWlXb3xv3bmxtLJiM4/vP+YpqO++WX4ykkINBv4viqcC35zuxpj8k/qZJiCUsFhej7cX+7bqzwOV45+c6y3godBcm4XywbMwnx2pJLiT5B1wTkFUQ0YUAEU9GBrggEjyGgYtnbWHZ7K99G8jGLpyQV/gZfU+uhCKO371p+vI68JdOs5x+/ZPpnGHz2c65f25rW+zSfdvrfTuVjpc8Tf/Vxrj5UMlSt7hfL77m9kn/mPJV93XYdd6DZA3ftrmnGgvqyhdR4nnlPqYTjVzzpEt0mP/MFMTRdI7o7Mt2R4ZJDzdW0cX+9cNwv0bmN0VOeJEtCZRFeT3GvKrzU5zfcn5FXPP2cQXWMDOchjEIqsl811gyjSoa2hNHAsHVt2Ayjtex+jAxzhFcqYHRBxQyEqksxV4XE97NUqrBUpSgQbKFCdQEh8yNI0SfopCknhqWReB52e70a+A0exG/AgucvRDP8vm4TxMskOcfL6qxA0CM2K1ahOp4AquAHbWGvOWZj7FeyFbDXR3ql/HwBk0mXXFDZJadimRRFalWuylR4D6kEkZD3eFzUANp9EGhLv3JunjYDup7FLaHmuI6hD5qhtpbdj5o+HOlmFdR+FDybk4uQY2yvju43GOmXQA9aysXpMpu9vvilGUQPmNcWHvbAcIyGeKxkK+DhjDSnWgWVJOJ8VtYYsSQvkLfhQY+0Dfd/AVLQ3bmTztWy4KizYAHw63lElyCuC0stc2A6HeWtf6mV9C55VYyUBtyDYn9piAdVThfQD3ieRJwGmw89f8qeXOjXF4IH1+9WXPlyvf4somnYIZKKKcijzrWHFGVW3LT4huhaARpVV1R9FfA5Y6IsrDmVfkgKw3v/KZap3ayDodwnkcs5HHUk3Mj+J7qg5dXiBgKSAMQ7Jf7dzu13H+2DtpScsAj6W7nbwZy7P4tf9FUwP+pamtYd6Hr3ERcMElmQ5aM5FwgTk/++MRwazx+v/z6SIoP1xfzoNxT+73aNKjVHyr5vzJNvjDP8uZ9UeGmXJddCv54IGoOuUqv71WqMdtSY7aix2lFjKzWPvi+DqwidSmxgf0K2VYqKaGtYilayFUqRNTKNKqXoDWDbF/IISo6T05R42AKqfWO+UnJeWMMw3ZHpqLNzxqIIk1m1l0vkOrXo3IOn/HQeDOyf3GZHyNduA9elWBV6hFwpEqfkg6xsr/E0umQ3hwFdHuZUtBYGmumYTRnCSrZCGGgjoxKnfw8kpAE6KueqxE6yiEjcmarZpetKcrsEKg6IGltMizMb/dRiAMRD+UHqzQKg+QYIzSFVDRwrhyZLvLgsYmQzUfGwB0gxWrIUxYDKaImB8mwdOhFfwJpTKhHJM0EUNmUPfxlSVlz3UFx1FiBQemVvTLGLLHQSyWLsIbCLzLkoJzDKBKA+NhlTlDiXf/zv93S9mBMPNSiz1bJz4tMEv1aRz9bfehQ7UVzrh5nAU3fKy3DGfU/DcnzDcGOo+TmIciZUtEJz5stMrJuecxKwoFSNxz36Vw3LfLVJouIRpU+iaN37bkR5UrpbLSG5Ui/pDIpiGi8JQ6qHfoMbH/C4n3BRJpmfeRTvVnReqCltK9Vs1zYGdrNUW8vuTzXNHZnVyDjngfJ0ovZ5IpE9SXpA3vMc/wF0tMIiipXjFLwtJdciche/Bm+fNSTo9UxuBbeB7liurutNcNvK3sXtMlO4WVvcNGtk40+lk/Il0CI0r7CWnCzYoqXWKQu+DG9092MzZP5kVCu+R+8NB0Or0fG0lb3ne9WBY7u6zRlzpE6oQaWxYFE2ierli3o3zZIE/y4a+rmAOV1PwlWZUdXnOXzxeBTRsEb+WA+hZFH4qH3QGg4Lm5vfDp6maTpOsxq4ld2DpzYcWcOKY95bDwXUs4ycRgX1XjX/PAqIz2TxaOEFiCylEcQtFcLM0jzLe/emGZBN7G4JQcN1Lb3RoH4rWwFBY2RWQnAzQntJseFNyJUi1qc0rXNgDR/ASX6ahqcnHy++6gnKX1jXDhqaY+C/zfJpI7sPDWNkaBXrY7G/dA7IQ70snrdU9OQne0Ffn75uhsF9m1ryvD00G7K5rex+z6vDyao6EC94uWLzn7JUUWSvoOCcxBnSbp9PJvBAVuwa5zmaYQ5t3f2bjvM22685zlvL3YriSZC/vbDf3hnnGYbdfVR3HHdPU9Nx3C41Ncdxu9TUHMftUlNzHLdLTaNxXNWkaqmklBHTrKSsZfeVFE2RI12vVMxV5+wpSqje/JBAhco17JthCQekOMvS8hWOcnBxcFCjFXmw3vsOTD+/SBrW+/pmt4KfPRzqpjto9HRnK3sXvzPBED9ji59hKmpkVXq6c5qlZMX4L8MldEmMv9vHjndHRC29zCCp1M8+ZA37k3oWt4TawNb0YaOs28ruR003RnYlCnXG1AtQ6rzECG6pt5fUkj/S51YzVO5a1JLXHccwmxHXrew+r6PLnZFWae5sOhoJYIoN1WpoCOQVzxKpWqjXEUZkWp852ZY+HJiO9TdlTpvt12ROa7lt+KYw1K1n7z58PXO6p6kpc9qlpiZz2qWmJnPapaYmc9qlphFzqpBP7RSSVbA0KiQb2T2FRNfVKxVWpan6T1QyIKkUbFa+KYk327ziU7qA7S8ptehSak1pcg6yWXWvZXA7mBlD19SVIxtgtpHdg5k2GNk2cqVdmPU3L1v3RZoe/x9dKZaq'),
	(683,'3d4b582991c1cd6b1aaad74f537305ff',1304449251,NULL,'eJztnG1z27gRgL/fr0CUuSiZs0XwTS+0rCT15dpcrzk3Utppv3hgChJZkwRDgJL177sgKVGiLJFKQ6Vz4Uw8IwMLYLHYfbwLUhm+fvQ9tKARd1lw3VI7uIVoYLOpG8yvW58mv1z2W69HPwxnlE4RiAbcmjM29+h1yxEitBTlnnDaSds6NvOVgCvJLCBseUTOQoPLT+NWNpqFNBhTEtnOZgYySAZeKjyktiIFeCIA86hKNm4jvFwuO0u9w6K5omFsKm8F89dzi6UrBI3yiUO3k7UlK7RGPyA0dKcjQeZWusZ2/4WcMGtX0CxivvVPxqawiSm/cWJoHSowWM7hucEDEqsQzCDoo1Ac4Xst5ER0tll8f/6s6fXn65/k5D/qbwvTt1BEvesW8WBAQARtKcXFSBh6rk0EHJZCYOc/PVZftyMHlC7OqTfL1hWu8OjoSUOgSzRJF0DpYQ6VVPqIvvnBTim3IzeUrdU2kA/tJPKZprLhrDZ6QfzwiruBTe/c6XXXNHp9Ve12ja6GdX2gZYrBShHla83icApHOR1pWFUvsXmJ9Ynat/DA0o1/D5V1r5TMQ8NyBfX5LY1uyZyOVHOoHOqT42ggopX8VO7ceyqvPRqGhvG953LnoKp5fypfIQa2Dbxcm9JOTKlwQUTMKVcOmbEQBhuHfC/aHP1MVkhDbIaEQ1HbwLKBo+R8EPz2wZ07greR7RDPo8GcIhYkom8KaqB7j807aCxIJLLhNJgiSqBrCmvABhz0ZzbtoDXuXNHxVor765/8uLfl9aCezQIBZ5HZJDEHKJtMSkLGrwpa5x076u9uIRfa38sLT1yR1OAvPsdMXJVbPZV7MRdXRUPIyRQie/ZNcswsh5TYsVO+7JO9m6WHSmbDzKKVY2fXHV0fQkMJg3nBHQmWEeHPE8uEEZu5HgSyFOaK0TV18EJNVZb2HRiA3XH/LmCRT7xOMlPik4lw7o+poa05ZVmLst+0bvGpIKAvSZu3OoAVsSfupOqjiNqw+3ya7b7CCrvzbWbjDE6Tjg4di/zzKZaUiim1H6Qd0t5kd+nHgM2Y57FlfmYTKf8zyG8fVGG9XSXk3/0RDXKppCGVIbFwWLSxQkB8OioG5csNd1EK3ldDJRFcj4ojd1Tu7eAiIJfZLV93qGyIeRo7sWEaelcf9AYa1szucXZqE1W3dGypZq3sLOhUws70UN/P0JIiElE0Z5DnIcEQgxQQVqIJWGYerCcxRYJHl4rVhWwN5BiHLKgUn9IF9ViICAroEvlgReKhkEiFg07mUm/+SqNoNXYYeyjA8z/vgw//+ns5PBP4nEXjzUKVoJpvbIunW405SkvomBriEB2z3up03HG5ho4NHc9NR1XTB6baNbDZq0JHbWBhXDcdt3UqoWOa8hCZ6MDPCs6ukOz8CvBBMUdEHE4m0YxFlbPSdcDLjKswWUcsygl5qsZ1poybjX95YnsQl0/bZx+cB+ROROjaLxuENgg9J0KNvjZQu72uik1V1bv4OELViaZbKrZMrU6EFnWqUpwLF9IySYPnPA6AR6H/bBtE2fqeu6BPBCsiXOZtD679AAndLEvYOI1cyi/QR8rtmHZOLbw3Gh1y22O3dT9q+nofmTOzwPZAv2yKEEJ2EhH7AQbecSpuYi6Y/w8SvdQuUHsrwtrJrzIA4ZP+anegkB/knc7CpcuXbcUFxyGKQ7gDPqNsLNl+dZUHzqY1D5wdSx/a7QHT7/H0kFwO/mqHVQLdHU9uoNtA96zQ7RlY7XX7mm6YZs8wyqCr9iz5r9aqvqhTpap+DMWw5ByXmR8MkLHHJQjuVwiAFIZJ4bwulpcwTQQxeh8L5JNghdKh0L070qFeMhB+i1wONfg9W9DiNE+U/KdU999U85pK/wrQ2/KkBnoN9M4LPQ1SOrWPsWr2NdwvhV7X0sBVB/VCb1enEui9jagseNE0YstAxjlkPWTvIjArvmdgiNebzIgFoDStkIqi5ylSymF2ijZHNao/ZfvSHDg1xbfLgNP1d/PfTKeTqJu7ckPdhrrnpa7aN3VV6+sYD8BbSqlrWqZqqbU+fC/qVELdjxP05m+wPcY/xvfEs8mCWOhGPoZJLiEfQ1n6BbbMxYiHPJlx7d2SCgY161WSiSUCwMcbB1I08QyhcUgC2KcsIRcuTEMXNFqhcVLmSjyqlmGi0Jd4ncD4G4eE1KtwHQB6V0nvClvbyvGKPRtPLtt+XVeudVixHJ65RzbwPB2e22f+/JkyhVzBY2SquKHDAlqJpOlLV/Iqy71NBn3vSMV91ex1DTwwBr3yK1NwYBVbWK0Xqbs6VareZRx+jiGlolygJYSpfGYtk8kkk8zSR5fLZrBOgpvQo4RnwQ2esC7CL9EtgfQr2nkAX5LpnlKtfw1N86J7o+3XffBefx5djZZrZ2to2aSaZ+Vid9DHfaxiA0ik9stvNQ351NPs18rFgk7/BwX+H7G+/87L+9yRG+Y2zD0rc42uMTBNjLHe0zVjcIS5xqWO5UNPrFt6r1bmFnQ66fF90cro9wRjz1A7fbJrod8o5yzg6JeI+Ukp+ps7S0rRD4w4bcQF1MF+9sJm8nYSaBvGsoIpZfMXP+I/qHUuXUn9rTeUju/jG6eaRV9qsNdg77zYMzUAjG6Yg4Gqdo/daqauqlnwRxrXm2oWdKpwq5mXkRYaMwRxECep3d71JThfCNBI3ioH28EHHs9mNJJ4mK1BMqULItWRjbK89bnMGN965J74pINuI6ibDSRJAoq5dIYEAOarXWNWrpN3t1rXVWWdFisnY+5uDRm/jIzUdoB+QWKFCmB8l4p/91jU+31dOiLWuoZ+7JuWqZ+qljqwjHofsRd0KsHi7xBsO+/zvRvffHpXkjZdQPSSSMj7v0C+6d1BY5rWziAZQRqWVXWF7wT5EfnL7bicgPXo9Aeumcu+g5Qa/tB3kLLek1LR3JEb4Dap6P/E3KEi/+OJ0X8B8XJReA=='),
	(355,'4ddd7b69977a68baa62612101e8287bd',1299583881,NULL,'eJxFj01uwkAMha9iZc1fd6iaBCF2FStuMCFOxiKMo7En0LN10SP1CnUCgqXf95713t/Pr9vdrz2MmIQ4lsXHalMAxjM3FLuyyNout8Wucgll4ChYOcW7VnuBb4TgRwQNmLDlhJDwjDRiA4eQSBS+ULJMHI6cmgUIw833lylJEQJdP+HErBbwsYE6U6+QhydbzKKor3uSYB6Tp1etJw0G3wVqREM+d0FNrznHqfujl4Vu5rfDx4t0NBpZufW8wa1fo/4B6AJemQ=='),
	(359,'dede6f14893a1ca7902580cc61b0b8a8',1299584009,NULL,'eJw9j0FOw0AMRa9iZZ22sKtQmooVF+ACk4wnY5Hake0pzdlYcCSuwDQV7P73t5/1f76+u/PtMsMV1Uj41DzvnxpAHiUST6emeNodm3PfKdoibNh3jjfvX+cZbFRavCgCGUx0RYZhBWJbSINXGkiCN4ktBI73nUUlkYdhRkiiEGV0JcZ2c4o1lvQwo6jieGc8fIW6lm1QNShN2VGKMZq9wHsODp4RLuHvZ5UrDAgLaqqgtsYqZcrzCqkok2WMUNgFQm0ySb34FP2wfXfY+nWH/8K/Dy5qrA=='),
	(369,'e4b8740abf3d5bbbe7d1c22beb854a09',1299584877,NULL,'eJydUs1S4zAMfhVNz6EsN2Y3tMMFpgdOywu4sRJ7xpE6ltLAs3HYR9pXWCmEwnDcW+x8f/rkv29/2v3LWOCMVTLT3eZm+2MDSB3HTMPdZtL+6naz37UV5cQkuGsVX3R36OEAKZwRlEuEV54AQ9VUXkGTMaWBQHaPcMSS0XDE2kDiGSSFUr78aSC7mKLfmg73kNCU6aK1h3vTIoYxkJlqgiAdUsQI08kCrPgGjpPat7GCQhdGhMgzQV95vEDMkAyA8JvJrVxyTrlLkAUyrbjt4hgEnlhQoOReVzNjCtYTkjraj3MuESuhyKouFnQS/e5yxE+dn/DsGefEwsapH13YaJ4hj9YST8WHVjhhzZLW6bxyVPMLxeVwCw9c4ZGj2xY+m/wSimuJzXsTdhyclmxC9laPOLCqJbV0K+Z/kxijBFHb0vc03pBz3NVbyGSLukTzrXVsKxzp8/LXIrzk+QJMlachLVHGPCT1IsXM47a9Xt5ie315nP8Ab14AUg=='),
	(370,'81944b333383df37ddfab7e835ddd00f',1299584909,NULL,'eJydWs2OHLcRvgfIOxA62cBknNyCkayFIsTyClYcREIEHznTnGl6u8kx2b2tzimvkWfJIe+SF8grpL6qIrtndlcCDMOr3R52sVg/X31VnP/9+z8vbj71nbl3KfsYvn32h+3vnxkXDrHx4fTts3E4/u6Pz25evkgun2PI7uWLwX0aXn5oXXJmstlY09tg4tEMrTN/bW3y2bm8McH2rjF/8STJ9SM9sCaNnUtl6Vs35Z0hOSbTSnPAjyHS4zxms59N8Kd2oLdCQwt8Y8ZAn7a+35i/2f3eb8zkzF2IEwmzA/2Io7FpoF0GZw+knTlEknhMsTdvYrMzx5hMiKzsgf5vIrTIzvQ+2UPn8kpOE12mrd2ngzsPeNvs6ax+aLH/VlW0IU9kg+YxDf/uku/mDazK/97Sglk+p03dxvxZRIvtSPg+pmDsyfqwMS2MEUIcDBmSTXVHrmjoHGQ5Uma7GBX7klbLxt+TPXC6S8FT6wLE+mxi19zwCvrThYHMhA2yO0Q6xeDJYl6EZdNH+ij995//ymaK/V5coSJvrozwa49MJ5ostIBsDYz3Z5/8sLaDKOpV1gNzfIDjptYfWpywyMXKI/mVH/Ivz3mX4cnVsjGeZv5ta97ZdO86Ax34tduVo+VUP1EAjXm49OGWw3rysFcXJ0cumjhfSHrn80APNqoLRVvrLCXXII6IIz+mxfG4MftxgA3oQ1bBdR378sCSEN9FEJ0HL+HxKdLTHUnCQRy5YzYxONH/0QOv4+lzQV1iS9JmaMkLJM5dh8Jjr75KJUPJ+3kQELjNybpO9Eciu3LMlfybL8fVR7La2dk7daxDZkOcWpik+uNcP2ztPcLdBQmG2ZnkDs7TQ2wdx4Q8Dy7nrbklFWX9QFljZlKfPDW03azKbYqIveu8ExEUtmSm3Fpy1fLJxngIYwdCDp2evH7vQpV1Y16RLMUn0rU1Nh9caMie4xm4KOslJFp1J2NmE6cgMFeW0IZB/BvZ1RBZA94HXbflHQnA38VM6Nf546CbMSCkM2UdVg8cyl3jEsyi0im6OOyvdqEsqHJ2JS9jjgjDYgs6GnTwPVkpjl3Dhj+Td3Orp4PJHQVJsB3Eua35jrAbMEzbdvHeNaJUTB0BD1uC/jzhNeBWhFX37hSHgTQl7TYl53+dJvRGR0FLXrrWBhbCO9gVVqgIxarBa4BV14fl4XMWrKWmLmxTHE9cXagcUdmDITNtTuD2vfp60TmKzrQn9tYdHFW4dWgsy7GI1tZ1xnbJ2YZSae8OdqRUa51EHFbqe03xPKp4gYsHhq0I/IpBC9GVeaVuZgdfrd/xuViRUmRWTkQi9SRUvNvYdIdgM8kyqpGAIAIWpekDn0zjXEPlCdjq7n0nvrkCvQaAyB/jmPgdG6u44AQ4BUyNaqUfdoAkHEu20SjZAzPOKbJ7/rSyuWw0pJF+PipPQrXK6y3MSf80+BEotnJZRC/NRGfIPhwZnIhs6d/+5tVRq/YCwowDBYUb2cHngz+D1lRTd1pj346NdbYUQ5gOB7ApeTI9sxx62mu5t+fB/8Opi9/GlipcR1kI4iefIS1IuVcuUDwEAkic+b3tAPsrXylZ7EdCIan4/HBXtJj5EFrMsHrZGS7lnSEAMTo7QF8e5GhnytcoJTfoTjYRpFGt+WUE+kfg0jA5hi2JZohjYrOYSfVgWmrsPpJfz2Oi0kEHLAGuWkr1gYzP0dMSFdC6WBUFYY5sydRYpEYELPVSHPfCA7QAwXxtFIRTjqw2KUUfNQZJwxklu2/VR9e1mEpwZb6rgofwqTzXM+ycPPAdALOqKVvwHCpcKbvu3qHqk597t6i6Ykco0bYvldy8bsk/w2aBPf6UoXPviJM7UbvAHAMR3tsn37iCJ/zHKcXY71QQmL13C2lcVmy01uWBDo8c5JQAxxL+viED/Bz9AX+eCAkHBjUJ1AfCOEjusXonANfP5uc4S5yx9iCXY3f0XadozXXRhwOJzk7OfSsPGycPl9MqSrClKebuWZz8Qs7d1RhCVRPVmIEwsxMqohEIAsS1YbVqeX29jTj0Yh8J70nrKHsADKkablVkhU55kib4oYRFQ4oNnGVRH8N85VZd1VwuKhsORvuO7Kju81sosliaRq26KBitNHTlNYqjenotKE3WwiRNHxaffK2FK6ZPXWZPDhmTq+kr1P07qTuoRiqWaQQbBNtKkiD/FIFr00SV6qmiXbgSS7hmFTu19mPVu7worLI0hnjrec2GCaVSj02e9c3CFFA0Hv73scIlhzFk/ECmI+rsJuawF+08Ka2xIApKseHKtS4T1DOSrAVUuXALUH71oWWOI2+SWgQlx+VFps5MYNbFa/M1TNm546BVS3zQuDMFOOAN3ZYY/w2VnM45rpBiSc65wJX2FCvHem97OpPVeqGZ0TJ+WnPwwwwj6qLNQpsPFglu3s8HMsmmFjoYiXQ5UJNIrxFkjKXDfGsPcS+ktMR1hC2yO7fUcZGBeYW019zY2Sz+KAOG6hxUAsTJRJvWGg2JPxMiB0cYkJkyjLmEGQRKRHkpQFLQuJD4T3ib3mQTJFdsYNHlyyRHjw/Fm2QnKdg7VWs9cnBkijeoJVKAmuTD3dZ8xal6QUK4pJ9Ayey0at/E4PT7fuRUHLZfi19kE8nnK6UuG1Jwzsqn41hMZVHHKVjyHSoq68U9iisupRr08MA3jBeVBTD9J4RrCJA4y0sZ1/VUYPKXpkGw0O1R6jtSqzT6J2qTNF1LBx+NDB/4MGqA0uReG/m5SJxASJmkQlWclgsiW0fxhJfI54JaTEM6f88RBcfqtIJtcT1Peu/TRqcUVtpz4N0SGH6ZZEjUGWG31P1xtdFpxcADKJt1CqANwaLCjVlGBFyTC+lHQ34UMOZ0Ke7jvJIc4W0VF5INd2V6UjBmUznxoaU2NrmwemKHofviBAM+/FibR7Z/rbUkROisgDM9SHRKxqUdNwfTEy+6SoOFOfHr8JA2pAz1/J7IXEH9F9/bu9LYWnFKHbNlYsvhBLtTo8+4+bC9/UI0nEoo1rNX+qenZyxfN1ZGp1MaNtunkCRuGGdJDrGCMe/JD+KrlZC1fo/Q3NuatSpgtdnanx9qTLOBnnh5x6xjiX9UwSPbWj7Pz2uaVRaPkTQv1gZ9dZiddNWS3k3NhjR28xfNfovJhBD364E39aLn1g1b82PNFoxsU279+VxaeR7okkwKzDr6ynZW39GSty6N2XauL6T73NmD08El2gxpRNGxiOin3PgRh9jUoRgwF+JQcurMkifS0EDjXKeXV4pSFJH50e4x5VD9NkUBFitUjRuU8njWiwFYH6x2V68KJp0C6krhhyT0nicVK5oN/Jfm/oHqQntRefQYWAGKupg8ZT3YQ0VxRpkuS3kOMi/Y1cqjy4h0MVZkNMyLzYXPKS+2ymNXTbR0nMtaIUHrB4/v/7nwu11ds7yjbs/bvPLjJT+Sbm+3vnHAUu6GJ4/URrYBayt3fiqMbjVTeLZb570o3G1leeM5ashwX37JHWWoxBP8zjVLC2O7u9WgQw694yjTbkbA4CPvDjdoot6YyIVgFhElfYWNoYYtJuR6x7QVvmSQPMehTDdCeTwvwxkQoTpNWAZHParVa7YgOD9fnhSr81S6d+s2hM/IReOWDAG8KRikOS3+uanDklnUATnUyF8UWUYdHHTmNqhKMk7uruxNMGRnbu56ENKZRwvveNq/MaB2ZVZ2cYXSV9QF/cOx+R+cY53G8ahslZsVlgBdls152kcUPvClFXFDHqFTd8ljaR2iIf4ritE+Nw9DT1R6J2yUkTDqVaHEr/AKDU2YrgytaN3RB5+FmVPGERF+Tx6WgdVGuTZGeoi0IxCFut+hzZU/Ld0IYhZeKgOg1Z3HDI77A8gjFXBMZIybS6x3Md6VDoB69A7lSWFFh4lUQl2Z/3JbIjvJAKA0n/Tp2S3tOi6v7KnscWJ4kmnCSCDCSoE3lIn9TjvYqG0VG0ruwOwjm2AGqvMYUujkBMxFneR8WBHimZknAe3G/BicCtVJmLi9SN3CYnAO7lpIPzxWaGRuGORqJg8kgmcYHfoj6nBECg+i+Ylr6h0P7Mf3kFxQJVJ80nVZVO4RcOVurbYI8gRjGDQ7dcCuY/yC+3q+wg3jOtF16ELKfO+u0v4i3yni4lKTVhpMpc9bwTpHBRlhSY2CkNIyYCI8L/PgOqCgAzdlpDtMlB12Xh+fJwD1kKvBGl/NTIEHNM95/QUQlCOjM55WF2dyKbEaz81qKimZ5UpPZhOS4DqlXG4WC2OSCwofMH5fweFGzXXvkU/VA6njeTsUsjJz19PCCnUEMXCHs4L2y2kED68vRh4rb7Jalb+VSxiiGwGKMIUXmx1AiNKsQ4tSXCe7vk3RLeUw/Id18P1q6kZeJ2MhzGS+xxFUbxGK+ymQLviW0buqo7Mo7Qui8EUAjlx9yEs4CuXMXEJWQ5rXNljueouuU7l/4FHS0t1MPrg6da9fNDm4BFpINtqTXpIgmPRjsoIV2R/uoO1rQgHCopGq1ke11YPZVTWe1j6ZL12ZkrvLcsDaVX8maVgibmRL/227MvsRy6nb1KTn6APv3lC1abd19tGoksu++u2JmS+v6aCnIFcWE27aEsX6rAVqdYknpK4Y6/G2oipsmObP0iRTDLjHeBleexM5CYm9PJdsjLibu2fYVYfpXbBiQJnKrq2PRiqf4x0d99K2xeLSXM71klrthmQ+RUSwGFnmxenehoHaBjcsghgmL7jIhytl2dgu/DJ6YHpbpv/9QvlLou3dCaSO6AWVhmZ1G3R18/OTA9shiCj+zbgs13GbJgjAWpghSNV7zRsh/Tx7lX5sWIcJX/5AxqZeyHNheNDZQonLYypsl3Gr+mSZgFACdSw7c7gIQkrGygH4i0H6Ham1Bxtw5AdI9HQybV98w18ce/FN/SbZ/wEK9pWu'),
	(371,'e519a431f70d14697d8380f8e5e17b3b',1299584920,NULL,'eJw9jksOwjAMRK8y6hoo7FiEdgcH4ASFmCZSsFHsfjgbC47EFQgIsRtrPDPv9Xi6dr4mjJQ1Cu+qzWpdgfgsPnK/qwa7LLdV27hMehNWapzRbM1eMg7ioYIkI3lYIEySk18U2RnK2XcjIUSFcLrjRL2YEeMo/PuZgqhQmS5mikVYQOQSuUKDDMmDxXCjHDUscBpK66fyk0idWgFEihdaufrL5Oo/5BsWeU44'),
	(372,'846ed9374029c204fc17b62b9d3606df',1299584960,NULL,'eJxlkkFSwzAMRa+iybqksGMgbYcNsOcEbq3GHhypYzlpezYWHIkrIDuZBKYzWcjx1//Psn++vpvdpQswYBTPtKke6vsKkA5sPbWbqk/Hu8dqt20iyolJcNskvKTtK0d4YwvCEHhAC8khnDkGu9LSJNBlawYE5wWYwhX22HJKSPDBNGnOjoVRo3UzeC2SA0/a0oE47oMF4gQnjF7cCva9umbL3BGMJAWE4I9Yw0yDlEpPTtUcdUu8oIEuDkwWO1p+PhfjwvNH6CL3rSsonW9dUkIQDbc1vOOoXph5ZNbMnD0loH0akW/kWaTaWQcmRDT2qkfEg+kFc4+2jMqpz+bJZEAyHQIfS30z2Lyhg6jhhfIhNEW/rJzCTPLz9EM5VwFRx/+TWoFRg05Nx9u1Jn4SikBULL0vNaDRYIHWDR/BIlqBM8Z8Tz7Uzbq8l2Y9P6BfElrhPA=='),
	(753,'d9c43404052d2badd63812c57785e1b1',1305645202,NULL,'eJytV91v2zYQf67/Ck4D8lSZliw7H5BdZNkydNjaYXHQh6IwaIm22FCkQFJW/d/vSMk27cSeH1YglcT73fG+75x++FFytKZKMykmQdQfBIiKTOZMrCbB8+wxvAk+THspoOB/RXXNjZ723qUsnybDeDQexymGdzipNVXwdKR4nAxGo6gjtbRPpKTT9KevD7/ez+6/3j88PH77Nk3xjuRwiu8hhTHVHcZN0/RrbRQlZd+sHR7vuYEB7sbd5alhhvu3mIJu0IOi9AU9FIppw4hAj5Rz2eiCVU5GywPMOdWZYpUBV1wuAjGNCFrIfIPkEi0oZ9S6EzGBvjCupVgzzin6rOhKCgRXMAW+RUaiFyEbBNLRn1LlFg9yLW/IRAbWagsr4Vkr2kdfKCIK/pCQIgQxQpZMEKsq4Wi514ZoLTMGBGBumCkQ4Rw1hXTccIe975dO2dacPup9Bl1pLqjOyQZ9YqvCgE0GOdPfo4YiQ0lWgJHyJVxsQvsEQUrWq6IVyBYcdAQxT7WwMkqpBGig3zuy47YK1boGdTaogCt4dw2qiDIsqzlRLg8pkgppmlnT0FLJ0omoq8waDA5heWNDoU2db/oufn7Yei6HZjaih/lGrC2ZjeI2b/ag3kWJlxVECMrxa0lWgDbE1HovQy6XnAnqIB0NUDauhub3Zg+MB9EgHIzCeISi+C5J7qKxY9pDgY8TbZ6cJq+YI8scbZmHI8d8hLf1WpIVfXa6grIlhOGVvVZNloVZLiLfbt0ZPq9YZiAXcYKHOMYj3NU/NgV2AnU8j+LBvDueOz9xuZIGaEC5Tm7iaNj/Xq1apzgdrDagI6vL/1OdViLoEycX69NpYZuJ56tUuVKaDvqDwSDF3Rec03JB8xlZ7dVO5eI7pC3KwPma5ZMg4/C4y+PrLF+MaUjoOA+jKFuGt+PFTZgkyWg0HCUgF3puw3JTTIJhDO8FtaUxCeIxfFhBtVmPk2R4OwymKVQLKZGAwE6CJdxUrInSAVoTXsMJqY2sONlMloRrerVQROQTp+pVBpI6VwT4UA6x3WNZQwRtWoudNKNq+ia2rTeSZVR7d/OGbPQxvpRrRneYtyvL2YEB11DV183SynBKo52FF5t22pNHVnbmoVcG7Sw58n1nEBzMxXwM/yI40yq72CpkNpX1U1VxlrnWjX+EupDZS0PWNHT4AIHtuM2kqcvLXaJ5Sfcka5W5DP2PntXqwNma4mhbIAdS95JAfEE0HOnp7J/n31K8/QKCqAGuPi9duUIjLqmALQDqYfduCW1xuPPtqz1ekrVUzFBH2H9YknWOnsbxbQRbRPthj429NrqFydzdjz0F0u7wXUqUglHzQjeTYBAcDWxnpAMcQyMP6ubWaWjsQxU15jR06EEfCIeUPaNC4oMLUlF+Gjs6wNp5fRo7PsBCYIvT2Gsfuxtmb0JvPOjR6vQm/tbD/y7zM6Hww/YH7Jb6DNaP21+U5FKdAfuRazevM2A/dn9LZTh0ljNwP3pPNtS2ks/g/QjOuk3oDNwP4qzdsc6g/TB66+YZDj+aUCkHyH3FuSWStyuEEwHdoDD+uPt5t4NvSZb/iC+FYW0c/xvzsm3xXb8ejYd+vx5f2C29AeEmwsd8El11G8LH3VS44jIjnE6omD8/Baji9YoJXcGUP2jekFQL2oeehlcSr6hxwu3MoeqCTs9U1rb5E4MGv+7nuHUP9MvtD6u01J6L2sUETnopVUqqI0p71ksrJe3gmjHYZdve7Z/00u7n3Z67BH2p2oQqGjhBWwBoYn/o/QvgE5T/'),
	(599,'1ce1e0d3cdff46908780d537c8598257',1304359940,NULL,'eJzdW1tz2ziWfh5X9X+AvTOdZMsURd0sqWT1OO6ba3Or2JlUdmrKBZKQhIgkOARoRXnq/zBPU7XzOj+sf8l+B6Cuthy5037Y7XLbEgEcHpzrdw6QwXef0oTdiEJLlZ0eBbX6ERNZpGKZjU+P3l396HWPvhseDDALvwuhy8To4cEfBjIeNoOTetAZ+PiIB6UWBf7akXY3aLXb1YgbesVTMRwc/vX8+7Ors79e/ng5kSH/29+GA385aqcWyWrWxJi87/uz2axWalMIntbMjZ3vbxDAGjDgVxwMjDTJ+rtoIrvISvamzPM5O+epXeamYX4sdFTI3EACq1VXZSaYzFjMZTJnRjEtBDMTwaLSCG3Yimpe5vrXX/7NfvjLD28Pvzn45uAKs7T8tDWFPW2yUM0141nMmmwsi0Q/YzNRCDwuMqYydjUpCx3z+TE7ywuZsKBlJsesUQ+CGiOyUjP8EBNmIov42JIayYwnxyyRxoiChXMalwVLVXrM/ktOeY1Y+plew/H/XJUF+/WX/zn3riDOX3/5l+WtT3MG5fA5+IMch/iSyOEgHJ5P1GeRsad8ymnVf4sMS54N/BDyw4yXgmcwFAz9A/uMRS7wKzP+WaLUyNJckIF+71z1JuHzUZn4b7mOeOK/lDqaSHGjSr2xHPso+N0EFERIFC5hINnYTMB/Mqz28xMJ2W1onZjmU7nc0yW+7NzUGaQJXkjOIfaUbnE1V1O1JPRBeR/UTkqYncRMjRhfkRyLTBSc7G6TLi8SBW0u6dAghsPhf7KzJCEiZAPWqCb8RrCRKgRcmI14KhMpYGIJnCWesxmXhhjABFqS1ojkNwfXv/t/xN8HVbKIZ0xPloamjSrAzzHLJ8ooZ/o3MhZqYw+w2bEiNuFlznixmTlTs4ylQms+Jg/hRcy4YRDCgLNJIUanVXTIyakjhIZ5OS1rkUr94c4RJ1E+rDEw++sv/4QwMyFi695ynLEyp48xvikWloZJg0maQZgJggBnY3wyLE94JKynX6pULLYykgXCQrXR6lnllCSVkNRUYv8TuGJ/qe4v7cWoXEZ+o9Vq+BeZKVRcRpCUR9L1lj68e8NfXk7ieCgvdT/QxnsvxBT+7r2Rkd6Dg9uLdr5adtvtmpVkWEZTYSwhnoRlqn0eBkHH17lK5t2g6Z//qVG/+uHspf8us/E8/vyZ8yyrfczHw9+V2m5mG53uLvIfP/bgv5p/5GnI/ZSn3JRjTUa/weBvpuCYehx3PoOtzgTsv6CcV0jELHKOaaZmbDaBG0QwZ0N+Cke/kQJhWNsUMypUeoh89SYRXAsWFypnWMtZpoywISARhp5UpISLFnbtjBvEfwoFi+BA1DBkXYcejhMVVv5T6YGS2JeRgg+hpshNmvzlIfMfU8Y/KRsObHxOEcQBOPAxtSmBAAFtOFZjFhYUpRBUlpBiVwShHWmapGuqGMO+VWlqEwP09qUJOw18a0WsIu1bPq6fFyoCZBHXkUpU0ajl8WjHa+5fRK+uEt3jyPm9QAx3CiUrgvGSwSHOAyO8en1FCAHJ2LikRTGMkqizPJbjOeUxwZ7a6MaQY5NnNfaTTd6UFyrAxYEWRyoqLUirlBcij4NKrJKEF+xpqjIxf2Z9AC+HP7Ac3iEKIkKg0lo9/ABmt5EhyT5yeA+iEk8sbDAyYrEYicjoGvteOc4BzwUvogn5aaIibmjbeWl4mAhnQ+SjYNPOxnu4zWIv5FTMpBbHWxIJy/lSGFolAlwqghnElsyQ2MDGIWVSpHxVAt0gx9lX4fU3Uku3n+q97qGYOQytslha3LO+TVjJ2LLnBBqBwRr7CxFaRIQFrRlUAJCDLA0FIIjY8MGiCc8i+/ZQUfCSZrIGMgShJKd3EQGDUOTBaMEgW9IEPs9tDOKskOOJQUI3VvBYUmMXow0GYiU0oPA/zRoD67umfD8DMaoLKhCRQMoWRKysyELz75ULjNYsUwUruENnFubxJZ5DRiDTkcqKlS/Bv6BBqiZq7DWJgtiyS501AEEtd0BDxJL9UOmP66mVHonMwISXeGz9vTWXHJSTna2amBzhDWq6gJp2j6RNNlvYBUhB6VrSq0fYpChoMs2NiQY+czLfqBQuxsG/lMODkkSXTZf240LgWzcXsQUQ+7PD0JiMPDHGXkxlZS5BPXViSvmUZBirzE5/1mdsPY1UgcsN8sRFL8cShbDhF8YfM01QQXnuGWQpCmNC3lhNZiq2RaMEBk35mH+WmbCW9krMNPsRar5rexgbYahmsMwCDSov/XrLD3o+lbYZELfHE1EYD3M9Z1meGnl2v57MSq+KCd5EGu1B0N5MhEvQ/WgveEwBv3p+zl6cIczDSbQrCqkmUXE4t6Zr4+VMFVMU54eEN+BVdwiXkl4WRolCdTcWidB2/yQR34hoAmjhWev1kMC9NxVU9oJGvQ7w2erdytNfS+uxbfKOzgrlPmQwFUthrXNgS1qa/JKC6pw9Pxz4eIZCjIlcaoVALCqwTYI/w749oVFXkZzvMmAZTY2Ct9fokxWKrSi1HyUy9/lyvUffN0T6G5Y+pgQ/UGFsLP6D0FDAZxQ4qdqNRSxdvHYR2GUwSPO9nMocgy5vb0lGZLXZYtyCLvrmW81cQzPD/aa5HX9zcOGyVigsW0itSSJgiLYEECKnUtkmWL5qSBBc3s7pVTrHGF5HZTVShcNeLn1SV41EbirUjxy4AhMyi5ISwkDFbUsJxJUEsExYLngcI7UePqZ9U+S608gjxK8sBqKTVNfoMqciv6TqJna4xjKYUQMmSQgD5EnpGnfAe8AVFbi0YWWRjxBvXDJ3TYaIoxqxnaMVA1XSe72R9NZqo3eXZ4eEVEjALvPaDA+qtmUBjpAwXQamJL3YxTFgB16W85gSMl4vbEIG/or1QvRjtda4uB31Ij4SOZKhi1JVCTX80oTH9C5A/i0RAEdR4raAnQNQCA6kTFBc2HaTGwcqVA4yWcuX2Y1KKN1WZgz1RdgEWbjTG+RkQT08edHbDRNQF8ZWy5cXb9+e0eKqsACSU5kqgCcBUYoSvMDaZ/R0BgR1Y3EQSED09qPzLVLnogVVuAp6UZhPOJmkWWeZYkhhaB0AzwI4J8AMlmsUJBNsVUGtVRkyJhMOhQWQ1kwqVJot7QseaghwO3i5QCA19iOsJRaGy4RaZGOYi3udLX8819Iby5HZw4a0LAq+XjAOdw0s4tOVMigAAFkX0QbOWmevKnS25jSXJFvaBCob6h7KoS1i/hh0juv1OhU6NhlZsRNgBNeUoR41sJA2PQJId0aXl1XT87lrelKBoRcVRkQR0gZeB8BHHOmMXRqVU34I53YfGuhlIrCOcdOvWsdf1TXlQ9c4tkX6Xb/sgcr6OcqBPcq5ory+dfKzCVq8xWnMxuyDvQ6CqN7LROLfQ5IoEaor9YoY+YIdrwYwJaKQK+Izs5pFQMoL6vhh9W6/Ve+3O3bRairWJVybS8vP9uIg8Optr95g9U6/ddKvN+3irfl0jAbkLt5ZRsFpCmXf2jWxKSMvirNgffe62v51LiNTFsJv+oF/4td9dyznm4lv6enGNVDhtXt63azXG92TVr1Vv+61Rt1OzEWjcx1QM9HJxLJAzFDGLtPfkRtHEOw0WnuzUzFBp3trkhoUNvIO2zXrwdU3PBdpKOIrPl5xPVDhRxEhnUL0qD5Pj6IEf/px4ySKw47wuOjEXhBEI6/XCbteq9Vqt5vtFujWj+BnsZmcHjUb+Iw6GPj19KjRwRciVJqbk1ajE3SOhgNEXPhtBrWeHo3wpskNL/QRu+FJiSe8hHsmfH46QsQS34YFfPTUsvptBEpOFEf+Jhnr9qMS+oPFiWxJDFlD3DnX+R6PKD+tXp3M+Fxvz0+RacRyzt3OZbfhu75uTc9GRMPyzJYb3Hdnu+W4tclqd+zWfpYb2ZJ8tR88uM6uO93WSaN1xHQR7b0pZuY5iSnPE0LciFz+JxSiKprOkFA9O/+IYeu+syMX6JZmtmZyl8jwkbXPL0QtxwMFIXiIk9AG0RUhUJ9wjUd6ePX23Q8Df/ENA1mJ6cXrkXXVRat62GycdE4Gy9a1HXTesRxbfKWhEb9RhUTJO4QXrb7QEMlIDxvdTq9Zp5N8951GDHHQGfim4sRfY2VQPfzDgCNtz1EpzE+P6kcrkSBI283a4e2JwdFWmtg9tbE2lYD37pnNtZkEdnbPbK3NrDoQuye3tybPN6aupKNVJHniYr6lAR1OzHqE+o93zjZs7lqkrsUsIrVFYkAQwJK6I9o5D638rd1prvtbZ09rX/Nv69AX8WnwbRXeLxZO/S11FBNxKrLrd5dHVN+MZaapet3wPR6r0HWBxsofC2NpU8QQxR6OKovIeemOOOHfdke/ks5gwwc2rRFP7C2VIOg2TrqLCyxk2uLTWhL/WbIPZTmVzGOXqqrKqnsgtt8MoJVSjadnKJhYTKxbzE+ovSoXHLqj434xUUlcc/dO6C32fXfCDmAOII9GC4C23+71m8Et2EFIgS5a2Os2bisnDcTD1nInd125Oefzcsxf8Km4devmAfdutqk45EJWuuRot3dvCr61S/DnZRyj1pm5P04Hfe/ZbxBe0NpHeJ12r9dt3Cs8mZQ3057+GsltkNhfbI1NsTV7wS6xXWZyNDpm+kt/arUamajrtdCDRdX5My/sDY4ndPaRUYvZWKOHkdtT2mUzJ6Tqj5yCzmNtZVnmloKBXaCYpa7IiM6HFGoSjThqOOY/SH9Bu98O+o3ePvpr9pqtXtC7V4FTaSj4jcfzXu9rtHibzv6qbG6qstFu7FSlcqGlKm1ta4EOWFwzIxYIj9QdDCkuUj+TMTqtzxUK8pdFDUVkUShjV7hzJ1IUlBImQtga3XafLGWErgneVUyJyIvVAncatrgfwxcnW6o6ksbAROlcogZ/WFALmv0Wfm7XUnfotVUPmu1u8169XmZIDAmZ3UuVfo1i7yC0v2ZbW5qtt3dp9j3K8mPGXlUXjug+2ErPUxlrZBvrh9UdKmZmVTuOj7nMvoOm52UqWQr+7XmrO+pS8OJIPFgV9Wa/Uf9/kl/aGzoIes2dgZIE5hpndPjkjln5dITanMX2BFmXridPyPIYHkWHaQb+cYFlMYXHvDphNDPq2Y7dOTJdGHOn+lAFdbrwbdnU/nspqT3MQkmE+g9LZvVev97tN7t7aSrodLr1ezWleZrOdarSzleFwltk9tdVZ1NX3fZOEPaTUjG7KgVdi12AK4+lUmvhet6CF4mkRliZsZlvneOJZjmAK910o4wVAUbS+Rlj7yE50gtUm1U6cl3QP6+DtVRg6s88ZnSVlSf23I+6vcK1NnktrdFBBt0ZcPcFdVaORuDK9nft1YSJSPKHOSP0C38M9sp3/wec8WRLwc3eXgpOVWEvzG7hZnfP2XY6n16wQqSE+AuxZhikGATKaY29IDemj85bWQNajzM77YmuPWPfKyCUDxRC6cJPLD9/nq8a5UqLhbksLhNYI7OcfMcuntwIJERqH2vXao+LMiPjGB9b97d8RMs7D5Qq+fzwYYZwguzYD072Aq4n7Vavc68hhCAw18XXWMEGif1NoLtpAo3WyS4TuABSGY/teTG8iXzKHR4iQEc8RaKsrg1e2kLL1QMzrum43h6TuOs6khancybm1tdfUgucDkL0VOa5u/qCjZBr27Z5ZCM8/LjMQoEIcsNDFBvikz2kAqZ9iPs2WdDrt0/2zKXNdrvXrQf3qi0u8rDT+RqtrVPYX2m9TaUF3Z1++3pCwibnsyaf5okwFDivFgfaHIETIHatZrBKvCAngc9I80QfnJUZlHvIXDgGldG8Ki5eqBuLfx6qhcbJvkVft9Vrte/PkzmZF3W+vipNblG5VxnrvbuBv/znNoNUr3V5XGccTw4GAkC/2Bpxzw4G1Vkl3Q+q+ofrTw4G1T/6Wa1OuYby5l4RODteTAAn9M9//hfzzzg8'),
	(639,'a90a82ca93b62fddc692604a1abc5305',1304446215,NULL,'eJw9T0tug0AMvYrFuk2aXRcToh7FMI/OSOBBYwPp2brIkXKFGlpV8sKf9/Pz+xFu92mkFVVzkWtzOb01BOlLzPJ5bRYbXt+bWxsqdC6iaIPhbu3HYKgb10gJxPMMroi0iBUy32DECiHWffoiZSOvCWwvxOLAuauco1P8PtGWLe1dri7RYcwYDlhyA4EqlcF9uDq7Q8+L4lf3gK6uIsX+lFLuk/MiKTxAyhPxHnWPuXmcmhVyCufjiXD+/+oHB4hfzA=='),
	(732,'da532f319131066499b362b91d10c31a',1304543013,NULL,'eJw9jTsSgjAURbdyJzWCdhYhjJXryCRPyEzIY/JRWJuFS3ILBgrbcz/n+/7IYZ09nhST49CLS3sWoGDYujD2ouTH6SoGJSOlhUMiJTOtWd2CxURI2lmUkBl5ornBnbER3A609zvEi6O3DXQdLJG0mQ46clqoFhhU1RtMjXKJ1Mru+JfdX/gD7tI6mA==');

/*!40000 ALTER TABLE `sym_cache` ENABLE KEYS */;
UNLOCK TABLES;


# Dump of table sym_entries
# ------------------------------------------------------------

DROP TABLE IF EXISTS `sym_entries`;

CREATE TABLE `sym_entries` (
  `id` int(11) unsigned NOT NULL AUTO_INCREMENT,
  `section_id` int(11) unsigned NOT NULL,
  `author_id` int(11) unsigned NOT NULL,
  `creation_date` datetime NOT NULL,
  `creation_date_gmt` datetime NOT NULL,
  PRIMARY KEY (`id`),
  KEY `section_id` (`section_id`),
  KEY `author_id` (`author_id`),
  KEY `creation_date` (`creation_date`),
  KEY `creation_date_gmt` (`creation_date_gmt`)
) ENGINE=MyISAM AUTO_INCREMENT=127 DEFAULT CHARSET=utf8;

LOCK TABLES `sym_entries` WRITE;
/*!40000 ALTER TABLE `sym_entries` DISABLE KEYS */;
INSERT INTO `sym_entries` (`id`,`section_id`,`author_id`,`creation_date`,`creation_date_gmt`)
VALUES
	(4,5,1,'2011-02-19 10:48:52','2011-02-19 18:48:52'),
	(12,4,1,'2011-02-19 11:18:55','2011-02-19 19:18:55'),
	(11,4,1,'2011-02-19 11:18:40','2011-02-19 19:18:40'),
	(10,4,1,'2011-02-19 11:14:28','2011-02-19 19:14:28'),
	(9,4,1,'2011-02-19 11:01:33','2011-02-19 19:01:33'),
	(13,4,1,'2011-02-19 11:19:19','2011-02-19 19:19:19'),
	(14,4,1,'2011-02-19 11:19:34','2011-02-19 19:19:34'),
	(15,4,1,'2011-02-19 11:19:48','2011-02-19 19:19:48'),
	(16,4,1,'2011-02-19 11:19:59','2011-02-19 19:19:59'),
	(17,4,1,'2011-02-19 11:20:08','2011-02-19 19:20:08'),
	(18,4,1,'2011-02-19 11:20:23','2011-02-19 19:20:23'),
	(19,3,1,'2011-02-19 13:15:38','2011-02-19 21:15:38'),
	(20,4,1,'2011-02-19 13:17:02','2011-02-19 21:17:02'),
	(21,6,1,'2011-02-19 16:01:45','2011-02-20 00:01:45'),
	(22,3,1,'2011-02-19 16:03:12','2011-02-20 00:03:12'),
	(26,7,1,'2011-02-20 04:13:36','2011-02-20 12:13:36'),
	(27,3,1,'2011-02-22 12:33:05','2011-02-22 20:33:05'),
	(28,3,1,'2011-02-22 12:33:15','2011-02-22 20:33:15'),
	(29,3,1,'2011-02-22 12:33:23','2011-02-22 20:33:23'),
	(30,3,1,'2011-02-22 12:33:35','2011-02-22 20:33:35'),
	(31,3,1,'2011-02-22 12:33:47','2011-02-22 20:33:47'),
	(32,3,1,'2011-02-22 12:33:57','2011-02-22 20:33:57'),
	(33,3,1,'2011-02-22 12:34:07','2011-02-22 20:34:07'),
	(34,6,1,'2011-02-22 12:34:30','2011-02-22 20:34:30'),
	(35,6,1,'2011-02-22 12:35:12','2011-02-22 20:35:12'),
	(36,6,1,'2011-02-22 12:35:41','2011-02-22 20:35:41'),
	(37,6,1,'2011-02-22 12:36:12','2011-02-22 20:36:12'),
	(38,6,1,'2011-02-22 12:36:39','2011-02-22 20:36:39'),
	(39,6,1,'2011-02-22 12:37:03','2011-02-22 20:37:03'),
	(40,6,1,'2011-02-22 12:37:35','2011-02-22 20:37:35'),
	(41,7,1,'2011-02-22 12:37:54','2011-02-22 20:37:54'),
	(42,8,1,'2011-02-22 12:41:13','2011-02-22 20:41:13'),
	(44,3,1,'2011-02-22 13:13:29','2011-02-22 21:13:29'),
	(45,6,1,'2011-02-22 13:15:57','2011-02-22 21:15:57'),
	(46,3,1,'2011-02-22 13:16:37','2011-02-22 21:16:37'),
	(47,3,1,'2011-02-22 13:16:56','2011-02-22 21:16:56'),
	(48,3,1,'2011-02-22 13:17:10','2011-02-22 21:17:10'),
	(49,3,1,'2011-02-22 13:17:24','2011-02-22 21:17:24'),
	(50,3,1,'2011-02-22 13:17:36','2011-02-22 21:17:36'),
	(51,3,1,'2011-02-22 13:17:48','2011-02-22 21:17:48'),
	(52,9,1,'2011-02-22 13:21:50','2011-02-22 21:21:50'),
	(53,6,1,'2011-02-22 13:22:15','2011-02-22 21:22:15'),
	(54,3,1,'2011-02-22 13:22:52','2011-02-22 21:22:52'),
	(55,6,1,'2011-02-22 13:23:14','2011-02-22 21:23:14'),
	(56,3,1,'2011-02-22 13:23:54','2011-02-22 21:23:54'),
	(57,6,1,'2011-02-22 13:24:22','2011-02-22 21:24:22'),
	(58,9,1,'2011-02-22 13:25:37','2011-02-22 21:25:37'),
	(59,9,1,'2011-02-22 13:26:04','2011-02-22 21:26:04'),
	(60,9,1,'2011-02-22 13:26:27','2011-02-22 21:26:27'),
	(61,9,1,'2011-02-22 13:26:58','2011-02-22 21:26:58'),
	(62,9,1,'2011-02-22 13:27:22','2011-02-22 21:27:22'),
	(63,9,1,'2011-02-22 13:27:53','2011-02-22 21:27:53'),
	(64,3,1,'2011-02-22 13:30:24','2011-02-22 21:30:24'),
	(70,12,1,'2011-02-22 13:52:38','2011-02-22 21:52:38'),
	(68,10,1,'2011-02-22 13:48:21','2011-02-22 21:48:21'),
	(71,11,1,'2011-02-22 13:55:56','2011-02-22 21:55:56'),
	(72,3,1,'2011-02-22 14:07:01','2011-02-22 22:07:01'),
	(73,3,1,'2011-02-22 14:07:17','2011-02-22 22:07:17'),
	(74,11,1,'2011-02-22 14:12:27','2011-02-22 22:12:27'),
	(75,11,1,'2011-02-22 14:13:45','2011-02-22 22:13:45'),
	(76,13,1,'2011-03-06 08:28:56','2011-03-06 16:28:56'),
	(77,3,1,'2011-03-06 08:29:30','2011-03-06 16:29:30'),
	(86,7,1,'2011-03-06 15:43:01','2011-03-06 23:43:01'),
	(79,6,1,'2011-03-06 15:23:23','2011-03-06 23:23:23'),
	(80,7,1,'2011-03-06 15:23:55','2011-03-06 23:23:55'),
	(81,14,1,'2011-03-06 15:28:18','2011-03-06 23:28:18'),
	(82,3,1,'2011-03-06 15:37:37','2011-03-06 23:37:37'),
	(83,3,1,'2011-03-06 15:37:55','2011-03-06 23:37:55'),
	(84,3,1,'2011-03-06 15:38:29','2011-03-06 23:38:29'),
	(85,3,1,'2011-03-06 15:38:59','2011-03-06 23:38:59'),
	(87,6,1,'2011-03-06 15:43:43','2011-03-06 23:43:43'),
	(88,7,1,'2011-03-06 15:47:28','2011-03-06 23:47:28'),
	(89,6,1,'2011-03-06 15:48:33','2011-03-06 23:48:33'),
	(90,3,1,'2011-03-06 16:02:20','2011-03-07 00:02:20'),
	(91,3,1,'2011-03-06 16:02:40','2011-03-07 00:02:40'),
	(92,6,1,'2011-03-06 16:20:43','2011-03-07 00:20:43'),
	(93,6,1,'2011-03-06 16:21:26','2011-03-07 00:21:26'),
	(94,6,1,'2011-03-06 16:22:28','2011-03-07 00:22:28'),
	(95,6,1,'2011-03-06 16:23:52','2011-03-07 00:23:52'),
	(96,6,1,'2011-03-06 16:24:41','2011-03-07 00:24:41'),
	(97,6,1,'2011-03-06 16:25:21','2011-03-07 00:25:21'),
	(98,3,1,'2011-03-06 16:27:41','2011-03-07 00:27:41'),
	(99,7,1,'2011-03-06 16:27:59','2011-03-07 00:27:59'),
	(100,14,1,'2011-03-06 16:28:18','2011-03-07 00:28:18'),
	(101,6,1,'2011-03-06 16:29:28','2011-03-07 00:29:28'),
	(102,3,1,'2011-03-06 16:31:40','2011-03-07 00:31:40'),
	(103,7,1,'2011-03-06 16:31:57','2011-03-07 00:31:57'),
	(104,6,1,'2011-03-06 16:33:44','2011-03-07 00:33:44'),
	(105,13,1,'2011-03-06 16:35:43','2011-03-07 00:35:43'),
	(106,6,1,'2011-03-07 07:47:20','2011-03-07 15:47:20'),
	(107,7,1,'2011-03-07 07:47:41','2011-03-07 15:47:41'),
	(108,6,1,'2011-03-07 07:49:02','2011-03-07 15:49:02'),
	(109,7,1,'2011-03-07 07:49:21','2011-03-07 15:49:21'),
	(110,10,1,'2011-03-07 09:24:48','2011-03-07 17:24:48'),
	(113,15,1,'2011-03-25 16:51:43','2011-03-25 23:51:43'),
	(114,3,1,'2011-04-28 15:57:23','2011-04-28 22:57:23'),
	(115,3,1,'2011-04-28 15:57:41','2011-04-28 22:57:41'),
	(116,3,1,'2011-04-28 15:57:57','2011-04-28 22:57:57'),
	(117,3,1,'2011-05-03 10:54:59','2011-05-03 17:54:59'),
	(118,3,1,'2011-05-03 10:55:10','2011-05-03 17:55:10'),
	(119,3,1,'2011-05-03 10:55:18','2011-05-03 17:55:18'),
	(120,3,1,'2011-05-03 10:55:32','2011-05-03 17:55:32'),
	(121,3,1,'2011-05-03 10:55:42','2011-05-03 17:55:42'),
	(122,3,1,'2011-05-03 10:55:51','2011-05-03 17:55:51'),
	(123,3,1,'2011-05-03 10:59:16','2011-05-03 17:59:16'),
	(124,3,1,'2011-05-03 11:00:44','2011-05-03 18:00:44'),
	(126,7,1,'2011-05-03 11:10:08','2011-05-03 18:10:08');

/*!40000 ALTER TABLE `sym_entries` ENABLE KEYS */;
UNLOCK TABLES;


# Dump of table sym_entries_data_11
# ------------------------------------------------------------

DROP TABLE IF EXISTS `sym_entries_data_11`;

CREATE TABLE `sym_entries_data_11` (
  `id` int(11) unsigned NOT NULL AUTO_INCREMENT,
  `entry_id` int(11) unsigned NOT NULL,
  `value` varchar(80) DEFAULT NULL,
  `local` int(11) DEFAULT NULL,
  `gmt` int(11) DEFAULT NULL,
  PRIMARY KEY (`id`),
  KEY `entry_id` (`entry_id`),
  KEY `value` (`value`)
) ENGINE=MyISAM AUTO_INCREMENT=2 DEFAULT CHARSET=utf8;

LOCK TABLES `sym_entries_data_11` WRITE;
/*!40000 ALTER TABLE `sym_entries_data_11` DISABLE KEYS */;
INSERT INTO `sym_entries_data_11` (`id`,`entry_id`,`value`,`local`,`gmt`)
VALUES
	(1,69,'2011-02-22T13:48:00-08:00',1298411280,1298411280);

/*!40000 ALTER TABLE `sym_entries_data_11` ENABLE KEYS */;
UNLOCK TABLES;


# Dump of table sym_entries_data_12
# ------------------------------------------------------------

DROP TABLE IF EXISTS `sym_entries_data_12`;

CREATE TABLE `sym_entries_data_12` (
  `id` int(11) unsigned NOT NULL AUTO_INCREMENT,
  `entry_id` int(11) unsigned NOT NULL,
  `handle` varchar(255) DEFAULT NULL,
  `value` varchar(255) DEFAULT NULL,
  PRIMARY KEY (`id`),
  KEY `entry_id` (`entry_id`),
  KEY `handle` (`handle`),
  KEY `value` (`value`)
) ENGINE=MyISAM AUTO_INCREMENT=2 DEFAULT CHARSET=utf8;

LOCK TABLES `sym_entries_data_12` WRITE;
/*!40000 ALTER TABLE `sym_entries_data_12` DISABLE KEYS */;
INSERT INTO `sym_entries_data_12` (`id`,`entry_id`,`handle`,`value`)
VALUES
	(1,69,'judith','Judith');

/*!40000 ALTER TABLE `sym_entries_data_12` ENABLE KEYS */;
UNLOCK TABLES;


# Dump of table sym_entries_data_13
# ------------------------------------------------------------

DROP TABLE IF EXISTS `sym_entries_data_13`;

CREATE TABLE `sym_entries_data_13` (
  `id` int(11) unsigned NOT NULL AUTO_INCREMENT,
  `entry_id` int(11) unsigned NOT NULL,
  `handle` varchar(255) DEFAULT NULL,
  `value` varchar(255) DEFAULT NULL,
  PRIMARY KEY (`id`),
  KEY `entry_id` (`entry_id`),
  KEY `handle` (`handle`),
  KEY `value` (`value`)
) ENGINE=MyISAM AUTO_INCREMENT=2 DEFAULT CHARSET=utf8;

LOCK TABLES `sym_entries_data_13` WRITE;
/*!40000 ALTER TABLE `sym_entries_data_13` DISABLE KEYS */;
INSERT INTO `sym_entries_data_13` (`id`,`entry_id`,`handle`,`value`)
VALUES
	(1,69,'slaughter','Slaughter');

/*!40000 ALTER TABLE `sym_entries_data_13` ENABLE KEYS */;
UNLOCK TABLES;


# Dump of table sym_entries_data_14
# ------------------------------------------------------------

DROP TABLE IF EXISTS `sym_entries_data_14`;

CREATE TABLE `sym_entries_data_14` (
  `id` int(11) unsigned NOT NULL AUTO_INCREMENT,
  `entry_id` int(11) unsigned NOT NULL,
  `handle` varchar(255) DEFAULT NULL,
  `value` text,
  `value_formatted` text,
  PRIMARY KEY (`id`),
  KEY `entry_id` (`entry_id`),
  FULLTEXT KEY `value` (`value`),
  FULLTEXT KEY `value_formatted` (`value_formatted`)
) ENGINE=MyISAM AUTO_INCREMENT=2 DEFAULT CHARSET=utf8;

LOCK TABLES `sym_entries_data_14` WRITE;
/*!40000 ALTER TABLE `sym_entries_data_14` DISABLE KEYS */;
INSERT INTO `sym_entries_data_14` (`id`,`entry_id`,`handle`,`value`,`value_formatted`)
VALUES
	(1,69,'judith-slaughter','Judith Slaughter','Judith Slaughter');

/*!40000 ALTER TABLE `sym_entries_data_14` ENABLE KEYS */;
UNLOCK TABLES;


# Dump of table sym_entries_data_17
# ------------------------------------------------------------

DROP TABLE IF EXISTS `sym_entries_data_17`;

CREATE TABLE `sym_entries_data_17` (
  `id` int(11) unsigned NOT NULL AUTO_INCREMENT,
  `entry_id` int(11) unsigned NOT NULL,
  `handle` varchar(255) DEFAULT NULL,
  `value` varchar(255) DEFAULT NULL,
  PRIMARY KEY (`id`),
  UNIQUE KEY `entry_id` (`entry_id`),
  KEY `handle` (`handle`),
  KEY `value` (`value`)
) ENGINE=MyISAM AUTO_INCREMENT=135 DEFAULT CHARSET=utf8;

LOCK TABLES `sym_entries_data_17` WRITE;
/*!40000 ALTER TABLE `sym_entries_data_17` DISABLE KEYS */;
INSERT INTO `sym_entries_data_17` (`id`,`entry_id`,`handle`,`value`)
VALUES
	(110,19,'israel','Israel'),
	(113,22,'home','Home'),
	(72,90,'bulletin-board','Bulletin board'),
	(129,28,'college-career','College/Career'),
	(111,91,'community','Community'),
	(121,102,'contact','Contact'),
	(76,33,'missions','Missions'),
	(63,44,'ministries','Ministries'),
	(99,46,'vanuatu','Vanuatu'),
	(88,47,'uganda','Uganda'),
	(89,48,'sweden','Sweden'),
	(87,49,'peru','Peru'),
	(86,50,'burkina-faso','Burkina Faso'),
	(37,51,'brazil','Brazil'),
	(93,54,'natanara','Natanara'),
	(101,56,'fanafo','Fanafo'),
	(109,64,'meetings','Meetings'),
	(34,72,'bible-studies','Bible studies'),
	(47,73,'worship','Worship'),
	(130,31,'children-0-k','Children (0-K)'),
	(132,30,'jr-high','Jr. High'),
	(79,29,'high-school','High School'),
	(128,98,'online-giving','Online giving'),
	(73,27,'womens','Women\'s'),
	(69,32,'men-s','Mens'),
	(127,123,'unknown','Unknown'),
	(82,77,'mexico','Mexico'),
	(57,82,'saturday-night','Saturday night'),
	(58,83,'sunday-morning','Sunday morning'),
	(80,84,'celebration','Celebration'),
	(81,85,'wednesday-night','Wednesday night'),
	(114,114,'about','About'),
	(106,115,'events','Events'),
	(108,116,'teachings','Teachings'),
	(125,117,'the-gospel','The Gospel'),
	(124,118,'our-mission','Our mission'),
	(123,119,'our-beliefs','Our beliefs'),
	(134,120,'servanthood','Servanthood'),
	(119,121,'history','History'),
	(120,122,'staff','Staff'),
	(131,124,'grade-school','Grade School');

/*!40000 ALTER TABLE `sym_entries_data_17` ENABLE KEYS */;
UNLOCK TABLES;


# Dump of table sym_entries_data_19
# ------------------------------------------------------------

DROP TABLE IF EXISTS `sym_entries_data_19`;

CREATE TABLE `sym_entries_data_19` (
  `id` int(11) unsigned NOT NULL AUTO_INCREMENT,
  `entry_id` int(11) unsigned NOT NULL,
  `value` enum('yes','no') NOT NULL DEFAULT 'no',
  PRIMARY KEY (`id`),
  KEY `entry_id` (`entry_id`),
  KEY `value` (`value`)
) ENGINE=MyISAM AUTO_INCREMENT=2 DEFAULT CHARSET=utf8;

LOCK TABLES `sym_entries_data_19` WRITE;
/*!40000 ALTER TABLE `sym_entries_data_19` DISABLE KEYS */;
INSERT INTO `sym_entries_data_19` (`id`,`entry_id`,`value`)
VALUES
	(1,69,'no');

/*!40000 ALTER TABLE `sym_entries_data_19` ENABLE KEYS */;
UNLOCK TABLES;


# Dump of table sym_entries_data_23
# ------------------------------------------------------------

DROP TABLE IF EXISTS `sym_entries_data_23`;

CREATE TABLE `sym_entries_data_23` (
  `id` int(11) unsigned NOT NULL AUTO_INCREMENT,
  `entry_id` int(11) unsigned NOT NULL,
  `file` varchar(255) DEFAULT NULL,
  `size` int(11) unsigned NOT NULL,
  `mimetype` varchar(50) DEFAULT NULL,
  `meta` varchar(255) DEFAULT NULL,
  PRIMARY KEY (`id`),
  KEY `entry_id` (`entry_id`),
  KEY `file` (`file`),
  KEY `mimetype` (`mimetype`)
) ENGINE=MyISAM AUTO_INCREMENT=17 DEFAULT CHARSET=utf8;

LOCK TABLES `sym_entries_data_23` WRITE;
/*!40000 ALTER TABLE `sym_entries_data_23` DISABLE KEYS */;
INSERT INTO `sym_entries_data_23` (`id`,`entry_id`,`file`,`size`,`mimetype`,`meta`)
VALUES
	(4,9,'/uploads/photos/tumblr_lbme9ylN1M1qe7qcwo1_500-1298142093.jpg',293871,'image/jpg','a:3:{s:8:\"creation\";s:25:\"2011-02-19T11:01:33-08:00\";s:5:\"width\";i:467;s:6:\"height\";i:700;}'),
	(5,10,'/uploads/photos/tumblr_lbmegmfmbt1qe7qcwo1_500-1298142868.jpg',148810,'image/jpeg','a:3:{s:8:\"creation\";s:25:\"2011-02-19T11:14:27-08:00\";s:5:\"width\";i:500;s:6:\"height\";i:374;}'),
	(6,11,'/uploads/photos/tumblr_lbmhakBqmV1qe7qcwo1_500-1298143120.jpg',217914,'image/jpeg','a:3:{s:8:\"creation\";s:25:\"2011-02-19T11:18:40-08:00\";s:5:\"width\";i:500;s:6:\"height\";i:374;}'),
	(7,12,'/uploads/photos/tumblr_lboq6pi6pd1qe7qcwo1_500-1298143135.jpg',277473,'image/jpeg','a:3:{s:8:\"creation\";s:25:\"2011-02-19T11:18:55-08:00\";s:5:\"width\";i:500;s:6:\"height\";i:669;}'),
	(8,13,'/uploads/photos/tumblr_lbr8qkFhzU1qe7qcwo1_500-1298143159.jpg',390782,'image/jpeg','a:3:{s:8:\"creation\";s:25:\"2011-02-19T11:19:19-08:00\";s:5:\"width\";i:500;s:6:\"height\";i:669;}'),
	(9,14,'/uploads/photos/tumblr_lbs1y4VG4N1qe7qcwo1_500-1298143174.jpg',239741,'image/jpeg','a:3:{s:8:\"creation\";s:25:\"2011-02-19T11:19:34-08:00\";s:5:\"width\";i:500;s:6:\"height\";i:669;}'),
	(10,15,'/uploads/photos/tumblr_lbs4ganIet1qe7qcwo1_1280-1298143188.jpg',359886,'image/jpeg','a:3:{s:8:\"creation\";s:25:\"2011-02-19T11:19:48-08:00\";s:5:\"width\";i:800;s:6:\"height\";i:598;}'),
	(11,16,'/uploads/photos/tumblr_lbu4aeZ0Y01qe7qcwo1_1280-1298143199.jpg',327507,'image/jpeg','a:3:{s:8:\"creation\";s:25:\"2011-02-19T11:19:59-08:00\";s:5:\"width\";i:800;s:6:\"height\";i:598;}'),
	(12,17,'/uploads/photos/tumblr_lbudz9x18Z1qe7qcwo1_1280-1298143208.jpg',336059,'image/jpeg','a:3:{s:8:\"creation\";s:25:\"2011-02-19T11:20:08-08:00\";s:5:\"width\";i:598;s:6:\"height\";i:800;}'),
	(16,18,'/uploads/photos/tumblr_lbvl8vXdUE1qe7qcwo1_1280-1298143223.jpg',248161,'image/jpg','a:3:{s:8:\"creation\";s:25:\"2011-02-19T11:20:23-08:00\";s:5:\"width\";i:800;s:6:\"height\";i:598;}'),
	(15,20,'/uploads/photos/tumblr_lbygm9tYt11qe7qcwo1_1280-1298150222.jpg',428289,'image/jpg','a:3:{s:8:\"creation\";s:25:\"2011-02-19T13:17:02-08:00\";s:5:\"width\";i:800;s:6:\"height\";i:598;}');

/*!40000 ALTER TABLE `sym_entries_data_23` ENABLE KEYS */;
UNLOCK TABLES;


# Dump of table sym_entries_data_26
# ------------------------------------------------------------

DROP TABLE IF EXISTS `sym_entries_data_26`;

CREATE TABLE `sym_entries_data_26` (
  `id` int(11) unsigned NOT NULL AUTO_INCREMENT,
  `entry_id` int(11) unsigned NOT NULL,
  `handle` varchar(255) DEFAULT NULL,
  `value` varchar(255) DEFAULT NULL,
  PRIMARY KEY (`id`),
  UNIQUE KEY `entry_id` (`entry_id`),
  KEY `handle` (`handle`),
  KEY `value` (`value`)
) ENGINE=MyISAM AUTO_INCREMENT=5 DEFAULT CHARSET=utf8;

LOCK TABLES `sym_entries_data_26` WRITE;
/*!40000 ALTER TABLE `sym_entries_data_26` DISABLE KEYS */;
INSERT INTO `sym_entries_data_26` (`id`,`entry_id`,`handle`,`value`)
VALUES
	(4,9,'mcdonalds','Mcdonalds');

/*!40000 ALTER TABLE `sym_entries_data_26` ENABLE KEYS */;
UNLOCK TABLES;


# Dump of table sym_entries_data_28
# ------------------------------------------------------------

DROP TABLE IF EXISTS `sym_entries_data_28`;

CREATE TABLE `sym_entries_data_28` (
  `id` int(11) unsigned NOT NULL AUTO_INCREMENT,
  `entry_id` int(11) unsigned NOT NULL,
  `value` varchar(80) DEFAULT NULL,
  `local` int(11) DEFAULT NULL,
  `gmt` int(11) DEFAULT NULL,
  PRIMARY KEY (`id`),
  UNIQUE KEY `entry_id` (`entry_id`),
  KEY `value` (`value`)
) ENGINE=MyISAM AUTO_INCREMENT=5 DEFAULT CHARSET=utf8;

LOCK TABLES `sym_entries_data_28` WRITE;
/*!40000 ALTER TABLE `sym_entries_data_28` DISABLE KEYS */;
INSERT INTO `sym_entries_data_28` (`id`,`entry_id`,`value`,`local`,`gmt`)
VALUES
	(4,4,'2011-02-19T10:48:00-08:00',1298141280,1298141280);

/*!40000 ALTER TABLE `sym_entries_data_28` ENABLE KEYS */;
UNLOCK TABLES;


# Dump of table sym_entries_data_29
# ------------------------------------------------------------

DROP TABLE IF EXISTS `sym_entries_data_29`;

CREATE TABLE `sym_entries_data_29` (
  `id` int(11) unsigned NOT NULL AUTO_INCREMENT,
  `entry_id` int(11) unsigned NOT NULL,
  `handle` varchar(255) DEFAULT NULL,
  `value` varchar(255) DEFAULT NULL,
  PRIMARY KEY (`id`),
  UNIQUE KEY `entry_id` (`entry_id`),
  KEY `handle` (`handle`),
  KEY `value` (`value`)
) ENGINE=MyISAM AUTO_INCREMENT=5 DEFAULT CHARSET=utf8;

LOCK TABLES `sym_entries_data_29` WRITE;
/*!40000 ALTER TABLE `sym_entries_data_29` DISABLE KEYS */;
INSERT INTO `sym_entries_data_29` (`id`,`entry_id`,`handle`,`value`)
VALUES
	(4,4,'israel-trip-2010','Israel trip 2010');

/*!40000 ALTER TABLE `sym_entries_data_29` ENABLE KEYS */;
UNLOCK TABLES;


# Dump of table sym_entries_data_31
# ------------------------------------------------------------

DROP TABLE IF EXISTS `sym_entries_data_31`;

CREATE TABLE `sym_entries_data_31` (
  `id` int(11) unsigned NOT NULL AUTO_INCREMENT,
  `entry_id` int(11) unsigned NOT NULL,
  `handle` varchar(255) DEFAULT NULL,
  `value` varchar(255) DEFAULT NULL,
  PRIMARY KEY (`id`),
  KEY `entry_id` (`entry_id`),
  KEY `handle` (`handle`),
  KEY `value` (`value`)
) ENGINE=MyISAM AUTO_INCREMENT=15 DEFAULT CHARSET=utf8;

LOCK TABLES `sym_entries_data_31` WRITE;
/*!40000 ALTER TABLE `sym_entries_data_31` DISABLE KEYS */;
INSERT INTO `sym_entries_data_31` (`id`,`entry_id`,`handle`,`value`)
VALUES
	(2,9,'israel-trip-2010','Israel trip 2010'),
	(3,10,'israel-trip-2010','Israel trip 2010'),
	(4,11,'israel-trip-2010','Israel trip 2010'),
	(5,12,'israel-trip-2010','Israel trip 2010'),
	(6,13,'israel-trip-2010','Israel trip 2010'),
	(7,14,'israel-trip-2010','Israel trip 2010'),
	(8,15,'israel-trip-2010','Israel trip 2010'),
	(9,16,'israel-trip-2010','Israel trip 2010'),
	(10,17,'israel-trip-2010','Israel trip 2010'),
	(14,18,'israel-trip-2010','Israel trip 2010'),
	(13,20,'israel-trip-2010','Israel trip 2010');

/*!40000 ALTER TABLE `sym_entries_data_31` ENABLE KEYS */;
UNLOCK TABLES;


# Dump of table sym_entries_data_34
# ------------------------------------------------------------

DROP TABLE IF EXISTS `sym_entries_data_34`;

CREATE TABLE `sym_entries_data_34` (
  `id` int(11) unsigned NOT NULL AUTO_INCREMENT,
  `entry_id` int(11) unsigned NOT NULL,
  `value` enum('yes','no') NOT NULL DEFAULT 'no',
  PRIMARY KEY (`id`),
  UNIQUE KEY `entry_id` (`entry_id`),
  KEY `value` (`value`)
) ENGINE=MyISAM AUTO_INCREMENT=4 DEFAULT CHARSET=utf8;

LOCK TABLES `sym_entries_data_34` WRITE;
/*!40000 ALTER TABLE `sym_entries_data_34` DISABLE KEYS */;
INSERT INTO `sym_entries_data_34` (`id`,`entry_id`,`value`)
VALUES
	(3,4,'yes');

/*!40000 ALTER TABLE `sym_entries_data_34` ENABLE KEYS */;
UNLOCK TABLES;


# Dump of table sym_entries_data_35
# ------------------------------------------------------------

DROP TABLE IF EXISTS `sym_entries_data_35`;

CREATE TABLE `sym_entries_data_35` (
  `id` int(11) unsigned NOT NULL AUTO_INCREMENT,
  `entry_id` int(11) unsigned NOT NULL,
  `handle` varchar(255) DEFAULT NULL,
  `value` varchar(255) DEFAULT NULL,
  PRIMARY KEY (`id`),
  KEY `entry_id` (`entry_id`),
  KEY `handle` (`handle`),
  KEY `value` (`value`)
) ENGINE=MyISAM AUTO_INCREMENT=4 DEFAULT CHARSET=utf8;

LOCK TABLES `sym_entries_data_35` WRITE;
/*!40000 ALTER TABLE `sym_entries_data_35` DISABLE KEYS */;
INSERT INTO `sym_entries_data_35` (`id`,`entry_id`,`handle`,`value`)
VALUES
	(2,4,'home','Home'),
	(3,4,'israel','Israel');

/*!40000 ALTER TABLE `sym_entries_data_35` ENABLE KEYS */;
UNLOCK TABLES;


# Dump of table sym_entries_data_36
# ------------------------------------------------------------

DROP TABLE IF EXISTS `sym_entries_data_36`;

CREATE TABLE `sym_entries_data_36` (
  `id` int(11) unsigned NOT NULL AUTO_INCREMENT,
  `entry_id` int(11) unsigned NOT NULL,
  `value` text,
  `value_formatted` text,
  PRIMARY KEY (`id`),
  UNIQUE KEY `entry_id` (`entry_id`),
  FULLTEXT KEY `value` (`value`)
) ENGINE=MyISAM AUTO_INCREMENT=64 DEFAULT CHARSET=utf8;

LOCK TABLES `sym_entries_data_36` WRITE;
/*!40000 ALTER TABLE `sym_entries_data_36` DISABLE KEYS */;
INSERT INTO `sym_entries_data_36` (`id`,`entry_id`,`value`,`value_formatted`)
VALUES
	(6,21,'Proverbs 29:18 tells us, \"Without vision, the people perish.\" Biblically, vision typically means God-given revelation and the Hebrew word for perish, used here in Proverbs, is a picture of someone running around like a madman. Without a vision for our fellowship, we would be like the madman, running aimlessly. The Lord has given our leadership a clear direction for us as a church, a mode in which we are to function.\r\n\r\n- A Ministry of Simplicity\r\n- A Ministry of Humility\r\n- A Ministry of Sincerity','<p>Proverbs 29:18 tells us, &#8220;Without vision, the people perish.&#8221; Biblically, vision typically means God-given revelation and the Hebrew word for perish, used here in Proverbs, is a picture of someone running around like a madman. Without a vision for our fellowship, we would be like the madman, running aimlessly. The Lord has given our leadership a clear direction for us as a church, a mode in which we are to function.</p>\n\n<ul>\n<li>A Ministry of Simplicity</li>\n<li>A Ministry of Humility</li>\n<li>A Ministry of Sincerity</li>\n</ul>\n'),
	(45,34,'The Bulletin Board is a way for people to post information about Bible studies they are holding, classes they are leading and gatherings of all kinds that are taking place among the body of ACCF.  Our hope is that this encourages ventures of faith as people step out to do what the Lord has laid on their hearts in the way of Bible studies, service projects and times of fellowship.  To help facilitate this, this Bulletin Board is available to help you get the word out.','<p>The Bulletin Board is a way for people to post information about Bible studies they are holding, classes they are leading and gatherings of all kinds that are taking place among the body of ACCF.  Our hope is that this encourages ventures of faith as people step out to do what the Lord has laid on their hearts in the way of Bible studies, service projects and times of fellowship.  To help facilitate this, this Bulletin Board is available to help you get the word out.</p>\n'),
	(36,35,'### Offering a refreshing look at what it means to be a godly woman\r\n\r\nOur approach to Womens Ministry at Athey Creek is rather simple.  In Titus 2:3-5, the Lord gives us a loving outline for godly living that is specifically directed to women.  We are blessed to have some wonderful older women in our fellowship who are willing to come alongside the younger women.  Much of this happens naturally as the women interact at church or various gatherings.  Relationships are formed and women grow as they learn from one another.  There are also opportunities for prayer, fellowship and getting into the Word at Bible studies and various events that take place throughout the year.  If you would like to know more about current Bible studies or upcoming events, please check the links listed below.\r\n\r\nJudy Slaughter oversees our Womens Ministry and she is available to meet with the women of our church who desire prayer, godly counsel or simply a time to fellowship.  Judy also leads many of the studies that we offer, and she enjoys seeing the Lord at work in the hearts and minds of the ladies at our church.  If you would like to meet with Judy, or if you have any questions about this ministry, please contact the church office at 971-327-2120. ','<h3>Offering a refreshing look at what it means to be a godly woman</h3>\n\n<p>Our approach to Womens Ministry at Athey Creek is rather simple.  In Titus 2:3-5, the Lord gives us a loving outline for godly living that is specifically directed to women.  We are blessed to have some wonderful older women in our fellowship who are willing to come alongside the younger women.  Much of this happens naturally as the women interact at church or various gatherings.  Relationships are formed and women grow as they learn from one another.  There are also opportunities for prayer, fellowship and getting into the Word at Bible studies and various events that take place throughout the year.  If you would like to know more about current Bible studies or upcoming events, please check the links listed below.</p>\n\n<p>Judy Slaughter oversees our Womens Ministry and she is available to meet with the women of our church who desire prayer, godly counsel or simply a time to fellowship.  Judy also leads many of the studies that we offer, and she enjoys seeing the Lord at work in the hearts and minds of the ladies at our church.  If you would like to meet with Judy, or if you have any questions about this ministry, please contact the church office at 971-327-2120.</p>\n'),
	(15,53,'Tad and Marna Slaughter\r\n\r\nJoel (Wheaton), Amy (Wheaton) and John\r\n\r\nThe Islands of Vanuatu are located in the South Pacific west of Fiji.  In the late 1800s the first missionaries came to these fierce cannibalistic islands.  In an amazingly brief space of time many became Christians with entire populations of some islands coming to Christ.  In spite of this, there is little teaching through the Bible today.  Consequently, there is a huge hunger for the Word and many opportunities for sharing with people.  Our work is to help people know Jesus and love Him more as a result of learning who He is through the study of His Word. \r\nPrayer Requests:\r\n\r\nThe Lord has been adding to and blessing the church here, for which we are thankful.  We are also thankful for the Lords constant provision of everything we need - wisdom, direction and daily necessities.  Please pray that the Lord would provide safe transportation for the new people who have begun to attend the fellowship (our truck is simply not enough), and that the people coming to church would truly comprehend Gods grace and mercy in their lives.  Pray for discernment that we would know which of the open doors the Lord has for US since there are so many possibilities! ','<p>Tad and Marna Slaughter</p>\n\n<p>Joel (Wheaton), Amy (Wheaton) and John</p>\n\n<p>The Islands of Vanuatu are located in the South Pacific west of Fiji.  In the late 1800s the first missionaries came to these fierce cannibalistic islands.  In an amazingly brief space of time many became Christians with entire populations of some islands coming to Christ.  In spite of this, there is little teaching through the Bible today.  Consequently, there is a huge hunger for the Word and many opportunities for sharing with people.  Our work is to help people know Jesus and love Him more as a result of learning who He is through the study of His Word. \nPrayer Requests:</p>\n\n<p>The Lord has been adding to and blessing the church here, for which we are thankful.  We are also thankful for the Lords constant provision of everything we need - wisdom, direction and daily necessities.  Please pray that the Lord would provide safe transportation for the new people who have begun to attend the fellowship (our truck is simply not enough), and that the people coming to church would truly comprehend Gods grace and mercy in their lives.  Pray for discernment that we would know which of the open doors the Lord has for US since there are so many possibilities!</p>\n'),
	(16,55,'The area known as Natanara is located about 20 minutes from Luganville down an American road built in World War Two by the Allies. Over 100,000 Americans at a time were in Luganville during the war to prevent the Japanese from completely capturing the Pacific. This was a staging area for the battles in the Solomon Islands. The remnants of World War Two are still put to good use. Virtually every road on Santo was built during the war and many buildings in town also date from this period. Natanara is a coastal area that is covered by coconut plantations and scattered settlements. The people of Natanara Christian Fellowship come from a large area with many walking over an hour and a half each way to church and back. Most of these people hail from other islands and speak different languages. It is not uncommon for the people in the fellowship to be conversant in five or more languages. Usually English is their third or fourth best language. The language most commonly used in Vanuatu is Bislama, which is a form of Pidgin English. This is the language that Pastor Floyd Bani and his assistants Steve Moli and Bradley Ngwera use in teaching the Bible.\r\n\r\nAt Natanara fellowship, church is an all day event. Before the church family arrives, Pastor Floyd, Steve and Bradley must put in several hours in preparation. Beginning at 5:30 a.m. they rake the leaves that continually fall. With no running water, they make many trips carrying five gallon buckets to the various locations where fresh water will needed throughout the day. Then the process of making lunch begins with the boiling of three huge pots of rice. Rice is the staple that goes with every meal in Vanuatu. As early as eight oclock people begin trickling in for the service that starts at ten. Some come to help, others come to rest and enjoy relaxing on the peaceful grounds. Lunch follows the service and is a time for fellowship and laughter. The children will often start a game of soccer, basketball, or just play together. Many of the older youth and adults play volleyball. Others escape the heat and humidity with a nap on the shaded grass while being cooled by the soft ocean breeze. Around half past four in the afternoon following a short time of worship, the church family begins dispersing and making their way back home. The only things to be seen at the close of the day are the coals of a burning fire in the darkness with the three men gathered around worshipping the Lord.\r\n\r\nFloyd Bani has been the pastor of Natanara Christian Fellowship for the last year and a half. He had spent the previous year as the childrens pastor in Fanafo before returning to Natanara. Floyd is a gifted Bible teacher who keeps the emphasis on Jesus Christ in a way that is refreshing. Steve Moli and Bradley Ngwera help in many ways around the fellowship. They do everything from leading worship to teaching the children to cooking. They are beautiful examples of serving the lord with joy and humility.','<p>The area known as Natanara is located about 20 minutes from Luganville down an American road built in World War Two by the Allies. Over 100,000 Americans at a time were in Luganville during the war to prevent the Japanese from completely capturing the Pacific. This was a staging area for the battles in the Solomon Islands. The remnants of World War Two are still put to good use. Virtually every road on Santo was built during the war and many buildings in town also date from this period. Natanara is a coastal area that is covered by coconut plantations and scattered settlements. The people of Natanara Christian Fellowship come from a large area with many walking over an hour and a half each way to church and back. Most of these people hail from other islands and speak different languages. It is not uncommon for the people in the fellowship to be conversant in five or more languages. Usually English is their third or fourth best language. The language most commonly used in Vanuatu is Bislama, which is a form of Pidgin English. This is the language that Pastor Floyd Bani and his assistants Steve Moli and Bradley Ngwera use in teaching the Bible.</p>\n\n<p>At Natanara fellowship, church is an all day event. Before the church family arrives, Pastor Floyd, Steve and Bradley must put in several hours in preparation. Beginning at 5:30 a.m. they rake the leaves that continually fall. With no running water, they make many trips carrying five gallon buckets to the various locations where fresh water will needed throughout the day. Then the process of making lunch begins with the boiling of three huge pots of rice. Rice is the staple that goes with every meal in Vanuatu. As early as eight oclock people begin trickling in for the service that starts at ten. Some come to help, others come to rest and enjoy relaxing on the peaceful grounds. Lunch follows the service and is a time for fellowship and laughter. The children will often start a game of soccer, basketball, or just play together. Many of the older youth and adults play volleyball. Others escape the heat and humidity with a nap on the shaded grass while being cooled by the soft ocean breeze. Around half past four in the afternoon following a short time of worship, the church family begins dispersing and making their way back home. The only things to be seen at the close of the day are the coals of a burning fire in the darkness with the three men gathered around worshipping the Lord.</p>\n\n<p>Floyd Bani has been the pastor of Natanara Christian Fellowship for the last year and a half. He had spent the previous year as the childrens pastor in Fanafo before returning to Natanara. Floyd is a gifted Bible teacher who keeps the emphasis on Jesus Christ in a way that is refreshing. Steve Moli and Bradley Ngwera help in many ways around the fellowship. They do everything from leading worship to teaching the children to cooking. They are beautiful examples of serving the lord with joy and humility.</p>\n'),
	(18,57,'Fanafo Village is actually a grouping of many mini villages situated very closely together. It is about an hours drive from Natanara Christian Fellowship and 45 minutes from the town of Luganville. Fanafo is dotted with the remains of hastily built anti-aircraft bunkers and Quonset huts left by the Allied forces (primarily American) during World War Two. It is an area with several small churches but also with numerous people who are still following their tribal religions. This area was the home of a political rebellion in 1980 that came to a head when men from Fanafo took over Luganville using bows and arrows, spears and unearthed rifles left behind during WWII. They were successful until the government received assistance from Papua New Guinea who sent a gunship and threatened to quash the rebellion with overwhelming force. Fanafo still has many who would prefer to see Vanuatu return to the old ways and to remove all foreign influences.\r\n\r\nSeveral years ago, Pastor Zachy, returned to his home in Fanafo after graduating from Searchlight Bible College. He began sharing the Word of God with his family and with his relatives in the village. This was the beginning of Fanafo Christian Fellowship. Now Pastor Zachy has started another church in his area, splitting his time teaching each church two Sundays a month. The original church is located in his area of the village, while the other is over an hours trek through the jungle to a distant, smaller village. He has been doing this for several years now and is praying that the Lord will send him someone who knows the language who can also teach the people about the grace and freedom that are found in Jesus Christ.','<p>Fanafo Village is actually a grouping of many mini villages situated very closely together. It is about an hours drive from Natanara Christian Fellowship and 45 minutes from the town of Luganville. Fanafo is dotted with the remains of hastily built anti-aircraft bunkers and Quonset huts left by the Allied forces (primarily American) during World War Two. It is an area with several small churches but also with numerous people who are still following their tribal religions. This area was the home of a political rebellion in 1980 that came to a head when men from Fanafo took over Luganville using bows and arrows, spears and unearthed rifles left behind during WWII. They were successful until the government received assistance from Papua New Guinea who sent a gunship and threatened to quash the rebellion with overwhelming force. Fanafo still has many who would prefer to see Vanuatu return to the old ways and to remove all foreign influences.</p>\n\n<p>Several years ago, Pastor Zachy, returned to his home in Fanafo after graduating from Searchlight Bible College. He began sharing the Word of God with his family and with his relatives in the village. This was the beginning of Fanafo Christian Fellowship. Now Pastor Zachy has started another church in his area, splitting his time teaching each church two Sundays a month. The original church is located in his area of the village, while the other is over an hours trek through the jungle to a distant, smaller village. He has been doing this for several years now and is praying that the Lord will send him someone who knows the language who can also teach the people about the grace and freedom that are found in Jesus Christ.</p>\n'),
	(20,79,'### Weekend worship services\r\n\r\nSaturday Night at 6:00 PM  \r\nSunday Morning at 8:30 AM and 11:00 AM  \r\nAthey Creek Christian Fellowship  \r\n27520 SW 95th Ave  \r\nWilsonville, OR 97070  \r\n\r\nOur Saturday night and Sunday morning services are identical to one another. Like much of what we do at Athey, they are simple and casual. Acts 2:42 offers a clear description of what the early church was like. It is our desire to follow this model as closely as possible. Pastor Brett teaches book-by-book through the Bible. In these weekend worship services, the teaching usually highlights a particular verse or section from the upcoming midweek study.\r\n\r\nIn John 4:23, Jesus says that the Father seeks those who will worship Him \'in spirit and in truth.\' With this in mind, we endeavor to worship expressively and sincerely. Many of our songs are taken directly from passages of Scripture. The Word also directs that \"all things be done decently, and in order\" (I Corinthians 14:40). We desire to make Saturday Nights and Sunday mornings a time where you can feel comfortable bringing friends and family who may not know the Lord.\r\n\r\nWhile the adults are studying through the Word, our kids are being taught as well. We invite you take advantage of our childrens ministry program. We have found that the kids have more fun in their classes, learning about Jesus and playing with other kids, than sitting through the service. This way, parents are able to take in the Word without distraction and kids are able to learn in an age-appropriate environment. On Saturday nights and Sunday mornings we provide childcare during all of our services for infants through grade school.','<h3>Weekend worship services</h3>\n\n<p>Saturday Night at 6:00 PM<br />\nSunday Morning at 8:30 AM and 11:00 AM<br />\nAthey Creek Christian Fellowship<br />\n27520 SW 95th Ave<br />\nWilsonville, OR 97070</p>\n\n<p>Our Saturday night and Sunday morning services are identical to one another. Like much of what we do at Athey, they are simple and casual. Acts 2:42 offers a clear description of what the early church was like. It is our desire to follow this model as closely as possible. Pastor Brett teaches book-by-book through the Bible. In these weekend worship services, the teaching usually highlights a particular verse or section from the upcoming midweek study.</p>\n\n<p>In John 4:23, Jesus says that the Father seeks those who will worship Him &#8216;in spirit and in truth.&#8217; With this in mind, we endeavor to worship expressively and sincerely. Many of our songs are taken directly from passages of Scripture. The Word also directs that &#8220;all things be done decently, and in order&#8221; (I Corinthians 14:40). We desire to make Saturday Nights and Sunday mornings a time where you can feel comfortable bringing friends and family who may not know the Lord.</p>\n\n<p>While the adults are studying through the Word, our kids are being taught as well. We invite you take advantage of our childrens ministry program. We have found that the kids have more fun in their classes, learning about Jesus and playing with other kids, than sitting through the service. This way, parents are able to take in the Word without distraction and kids are able to learn in an age-appropriate environment. On Saturday nights and Sunday mornings we provide childcare during all of our services for infants through grade school.</p>\n'),
	(43,87,'### For those who want to connect with other believers in a smaller setting\r\n\r\n**2nd and 4th Sunday Nights**\r\n\r\n7:00 PM  \r\nAthey Creek Christian Fellowship  \r\n27520 SW 95th Ave  \r\nWilsonville, OR 97070\r\n\r\nJoin us for an evening devoted to worship, prayer and communion. This is a more personal time where we lift our hands, sing, stand, kneel or just sit quietly before the Lord. The elders are available during this service for those in need of prayer. Sunday Night Celebration takes place on the second and fourth Sunday of each month.','<h3>For those who want to connect with other believers in a smaller setting</h3>\n\n<p><strong>2nd and 4th Sunday Nights</strong></p>\n\n<p>7:00 PM<br />\nAthey Creek Christian Fellowship<br />\n27520 SW 95th Ave<br />\nWilsonville, OR 97070</p>\n\n<p>Join us for an evening devoted to worship, prayer and communion. This is a more personal time where we lift our hands, sing, stand, kneel or just sit quietly before the Lord. The elders are available during this service for those in need of prayer. Sunday Night Celebration takes place on the second and fourth Sunday of each month.</p>\n'),
	(44,89,'### Going deeper into God\'s Word\r\n\r\nWednesday Night  \r\n7:00 PM  \r\nAthey Creek Christian Fellowship  \r\n27520 SW 95th Ave  \r\nWilsonville, OR 97070\r\n\r\nWednesday nights are a time to grow in knowledge and understanding of the Word. We dig in with a verse-by-verse, chapter-by-chapter study of the Bible. Bring your Bible, a notebook and a heart ready to hear from the Lord.\r\n\r\nDuring this time, we have classes for our children, from infants through fifth grade. Our Junior High group meets in the back wing near the library for time in the Word, worship and loads of fun! For information on other studies, such as the High School group, or our College group, please refer to our ministries page.','<h3>Going deeper into God&#8217;s Word</h3>\n\n<p>Wednesday Night<br />\n7:00 PM<br />\nAthey Creek Christian Fellowship<br />\n27520 SW 95th Ave<br />\nWilsonville, OR 97070</p>\n\n<p>Wednesday nights are a time to grow in knowledge and understanding of the Word. We dig in with a verse-by-verse, chapter-by-chapter study of the Bible. Bring your Bible, a notebook and a heart ready to hear from the Lord.</p>\n\n<p>During this time, we have classes for our children, from infants through fifth grade. Our Junior High group meets in the back wing near the library for time in the Word, worship and loads of fun! For information on other studies, such as the High School group, or our College group, please refer to our ministries page.</p>\n'),
	(37,36,'### Growing closer in our walks with Jesus\r\n\r\nWhether you are up to your eyeballs in homework, or simply grinding away in the work force, we want to provide a place for you to come away and be renewed.  If you are 18-24 years of age, we invite you to join us on Tuesday nights for a time of worship, prayer and the study of Gods Word.  At a time when many people are falling into worldly thinking and behavior, we want to see our young adults growing in their knowledge of the Lord and in their relationships with Him. \r\n\r\nDavid & Becca Frost lead this ministry.  If you have any questions about Tuesday nights, or the various College & Career events, you can contact David at 503-781-1459.  Or you can click on the links below for more information about studies and activities.','<h3>Growing closer in our walks with Jesus</h3>\n\n<p>Whether you are up to your eyeballs in homework, or simply grinding away in the work force, we want to provide a place for you to come away and be renewed.  If you are 18-24 years of age, we invite you to join us on Tuesday nights for a time of worship, prayer and the study of Gods Word.  At a time when many people are falling into worldly thinking and behavior, we want to see our young adults growing in their knowledge of the Lord and in their relationships with Him.</p>\n\n<p>David &amp; Becca Frost lead this ministry.  If you have any questions about Tuesday nights, or the various College &amp; Career events, you can contact David at 503-781-1459.  Or you can click on the links below for more information about studies and activities.</p>\n'),
	(38,37,'### Mission work at Athey\r\n\r\nWe have been blessed with the love and goodness of the Lord here at Athey Creek. In response to this, many at Athey have naturally been motivated to step out in faith into a variety of mission fields  in Portland, throughout the U.S., and around the world. The Lord has opened up some amazing opportunities.\r\n\r\nThere are many ways to participate in mission work around the world. Through prayer, through giving, or through your own participation on a mission trip, it is wonderful to see the Great Commission in action! For some of us, our greatest mission field will be our families, or our neighbors, or perhaps someone at work. Jesus said, The field is white unto harvest. What a blessing it is that He allows us to be a part of the growing of His kingdom. We hope that you are encouraged as you fulfill the role He has ordained for you in this!\r\n\r\nChoose a mission from the right column to learn more about it. If you have any additional questions on our missions involvement contact the church office.','<h3>Mission work at Athey</h3>\n\n<p>We have been blessed with the love and goodness of the Lord here at Athey Creek. In response to this, many at Athey have naturally been motivated to step out in faith into a variety of mission fields  in Portland, throughout the U.S., and around the world. The Lord has opened up some amazing opportunities.</p>\n\n<p>There are many ways to participate in mission work around the world. Through prayer, through giving, or through your own participation on a mission trip, it is wonderful to see the Great Commission in action! For some of us, our greatest mission field will be our families, or our neighbors, or perhaps someone at work. Jesus said, The field is white unto harvest. What a blessing it is that He allows us to be a part of the growing of His kingdom. We hope that you are encouraged as you fulfill the role He has ordained for you in this!</p>\n\n<p>Choose a mission from the right column to learn more about it. If you have any additional questions on our missions involvement contact the church office.</p>\n'),
	(39,38,'### Caring for the kids of our fellowship\r\n\r\nThanks for checking out our Childrens Ministry web page.  The Lord has blessed us with a great bunch of kids at Athey Creek.  We enjoy sharing the love of Jesus with them in a safe and secure environment.  Feel free to click on the links on this page to get a better understanding of childrens ministry at Athey Creek.\r\n\r\nGod bless you,  \r\nJames\r\n','<h3>Caring for the kids of our fellowship</h3>\n\n<p>Thanks for checking out our Childrens Ministry web page.  The Lord has blessed us with a great bunch of kids at Athey Creek.  We enjoy sharing the love of Jesus with them in a safe and secure environment.  Feel free to click on the links on this page to get a better understanding of childrens ministry at Athey Creek.</p>\n\n<p>God bless you,<br />\nJames</p>\n'),
	(42,45,'### Mission work at Athey\r\n\r\nWe have been blessed with the love and goodness of the Lord here at Athey Creek. In response to this, many at Athey have naturally been motivated to step out in faith into a variety of mission fields  in Portland, throughout the U.S., and around the world. The Lord has opened up some amazing opportunities.\r\n\r\nThere are many ways to participate in mission work around the world. Through prayer, through giving, or through your own participation on a mission trip, it is wonderful to see the Great Commission in action! For some of us, our greatest mission field will be our families, or our neighbors, or perhaps someone at work. Jesus said, The field is white unto harvest. What a blessing it is that He allows us to be a part of the growing of His kingdom. We hope that you are encouraged as you fulfill the role He has ordained for you in this!\r\n\r\nChoose a mission from the right column to learn more about it. If you have any additional questions on our missions involvement contact the church office.','<h3>Mission work at Athey</h3>\n\n<p>We have been blessed with the love and goodness of the Lord here at Athey Creek. In response to this, many at Athey have naturally been motivated to step out in faith into a variety of mission fields  in Portland, throughout the U.S., and around the world. The Lord has opened up some amazing opportunities.</p>\n\n<p>There are many ways to participate in mission work around the world. Through prayer, through giving, or through your own participation on a mission trip, it is wonderful to see the Great Commission in action! For some of us, our greatest mission field will be our families, or our neighbors, or perhaps someone at work. Jesus said, The field is white unto harvest. What a blessing it is that He allows us to be a part of the growing of His kingdom. We hope that you are encouraged as you fulfill the role He has ordained for you in this!</p>\n\n<p>Choose a mission from the right column to learn more about it. If you have any additional questions on our missions involvement contact the church office.</p>\n'),
	(40,39,'Our goal in the Jr. High Ministry is to worship the Lord, study the Bible and enjoy great fellowship. Whether were meeting on a Wednesday night or on one of our many trips, we always have an awesome time.  \r\nAs we study through the Bible, we learn what Jesus has done for us and how we should live our lives for Him. Come ready to worship the Lord, dig into the Word and have tons of crazy fun!\r\n\r\nIf you would like information on Bible Studies and Upcoming Events, check out the links below.  You can also visit the Jr. High Blog to see the latest pictures from recent Jr. High activities!\r\n\r\nIf you have any questions, you can contact Seth at (503) 984-6605.','<p>Our goal in the Jr. High Ministry is to worship the Lord, study the Bible and enjoy great fellowship. Whether were meeting on a Wednesday night or on one of our many trips, we always have an awesome time.<br />\nAs we study through the Bible, we learn what Jesus has done for us and how we should live our lives for Him. Come ready to worship the Lord, dig into the Word and have tons of crazy fun!</p>\n\n<p>If you would like information on Bible Studies and Upcoming Events, check out the links below.  You can also visit the Jr. High Blog to see the latest pictures from recent Jr. High activities!</p>\n\n<p>If you have any questions, you can contact Seth at (503) 984-6605.</p>\n'),
	(41,40,'The vision for our High School ministry is simply this: to know Jesus.  We get together each week to learn more about the person of Jesus and the impact He wants to make in our lives.  Through time spent in worship, in prayer and in studying His Word, He becomes more and more personal to each one of us.  This is the whole reason we get together at the Shed every Thursday night.\r\n\r\nFellowship is an important part of what we do as well.  It is a huge blessing to have Christian friends walking this same path with us. The trips and events we do are always fun and a little crazy, but even these times are geared around the same purpose of knowing Jesus better.  So whether were on a snowy mountain or hanging out at the beach, we always have time to open up the Bible and learn more about Jesus. \r\n\r\nTake a look at the Bible Studies and Upcoming Events links below to see whats happening right now. Also, don\'t forget to check out the High School Ministry\'s very own website below!\r\nIf you have any questions, contact Abe Menshenfriend at (971)222-9586.','<p>The vision for our High School ministry is simply this: to know Jesus.  We get together each week to learn more about the person of Jesus and the impact He wants to make in our lives.  Through time spent in worship, in prayer and in studying His Word, He becomes more and more personal to each one of us.  This is the whole reason we get together at the Shed every Thursday night.</p>\n\n<p>Fellowship is an important part of what we do as well.  It is a huge blessing to have Christian friends walking this same path with us. The trips and events we do are always fun and a little crazy, but even these times are geared around the same purpose of knowing Jesus better.  So whether were on a snowy mountain or hanging out at the beach, we always have time to open up the Bible and learn more about Jesus.</p>\n\n<p>Take a look at the Bible Studies and Upcoming Events links below to see whats happening right now. Also, don&#8217;t forget to check out the High School Ministry&#8217;s very own website below!\nIf you have any questions, contact Abe Menshenfriend at (971)222-9586.</p>\n'),
	(53,92,'### Mike & Kelli Anderson\r\n\r\nEmily 3 and Lydia 1 & 1/2\r\n\r\nMike and Kelli are working with Wycliffe as Bible translators in Brazil. Three years ago, they moved to Brazil, hoping to translate Gods Word into an indigenous language.  They are building relationships in the communities and connecting with people in an effort to learn this intricate new language.  Athey Creek Christian Fellowship is glad to support them prayerfully and financially. Last year they traveled to Dallas, Texas for a delicate skull surgery for their youngest daughter.  While she was recovering, they also took a few linguistics courses, and are now back in Brazil.\r\n\r\n### Prayer requests\r\n\r\nWe praise the Lord for your continued prayers and for the opportunity to share our ministry with you.  We are excited to be back in Brazil despite a hard first term, and to be starting fresh in new jump-off town. We also praise Him for Lydias successful craniosynostosis surgery while in the States!','<h3>Mike &amp; Kelli Anderson</h3>\n\n<p>Emily 3 and Lydia 1 &amp; 1/2</p>\n\n<p>Mike and Kelli are working with Wycliffe as Bible translators in Brazil. Three years ago, they moved to Brazil, hoping to translate Gods Word into an indigenous language.  They are building relationships in the communities and connecting with people in an effort to learn this intricate new language.  Athey Creek Christian Fellowship is glad to support them prayerfully and financially. Last year they traveled to Dallas, Texas for a delicate skull surgery for their youngest daughter.  While she was recovering, they also took a few linguistics courses, and are now back in Brazil.</p>\n\n<h3>Prayer requests</h3>\n\n<p>We praise the Lord for your continued prayers and for the opportunity to share our ministry with you.  We are excited to be back in Brazil despite a hard first term, and to be starting fresh in new jump-off town. We also praise Him for Lydias successful craniosynostosis surgery while in the States!</p>\n'),
	(54,93,'### Daniel and Elizabeth Delma\r\n\r\nIn 1993, years before ACCF had even begun, the Lord allowed Pastor Brett to travel to Burkina Faso to teach at a pastors conference.  In his time there, some long-lasting friendships were established, which the Lord has continued to bless.  One such friend is Pastor Daniel Delma.  Pastor Daniel shepherds a church on the outskirts of the city of Ouagadougou.  Through the church, Daniel and his wife minister to the widows in the area by providing for the basic needs of these ladies and their children.  Daniel also spends much of his time leading and teaching pastors throughout the country.  He is working with another good friend and brother of ACCF, pastor Marcel Yanogo, to instruct pastors throughout Burkina Faso in how to teach through Gods Word verse-by-verse.  We are blessed to play a small role in the ministries of Daniel, Marcel, and many other Burkinabe pastors as we have had the opportunity to send Athey Creekers over to minister with them in pastors conferences, kids camps and other ministry opportunities.\r\n\r\n### Prayer requests\r\n\r\nThe Lord continues to bless the people of Burkina as His Spirit moves throughout the country spreading the Good News of His salvation. Please join with us in praying that the Lord would raise up men throughout Burkina Faso to teach His Word.  May the Lord continue to send teachers to help train these men as they minister.  There is also a constant need for the provision of rain for the crops so that the people might have food and healthy drinking water.  As a result of consistent famine and disease, prayer for the Lords healing is always needed.  Thank you so much for your prayers.  We are blessed by the Lords continued provision and covering and we look forward to ministering together with you for many years to come.','<h3>Daniel and Elizabeth Delma</h3>\n\n<p>In 1993, years before ACCF had even begun, the Lord allowed Pastor Brett to travel to Burkina Faso to teach at a pastors conference.  In his time there, some long-lasting friendships were established, which the Lord has continued to bless.  One such friend is Pastor Daniel Delma.  Pastor Daniel shepherds a church on the outskirts of the city of Ouagadougou.  Through the church, Daniel and his wife minister to the widows in the area by providing for the basic needs of these ladies and their children.  Daniel also spends much of his time leading and teaching pastors throughout the country.  He is working with another good friend and brother of ACCF, pastor Marcel Yanogo, to instruct pastors throughout Burkina Faso in how to teach through Gods Word verse-by-verse.  We are blessed to play a small role in the ministries of Daniel, Marcel, and many other Burkinabe pastors as we have had the opportunity to send Athey Creekers over to minister with them in pastors conferences, kids camps and other ministry opportunities.</p>\n\n<h3>Prayer requests</h3>\n\n<p>The Lord continues to bless the people of Burkina as His Spirit moves throughout the country spreading the Good News of His salvation. Please join with us in praying that the Lord would raise up men throughout Burkina Faso to teach His Word.  May the Lord continue to send teachers to help train these men as they minister.  There is also a constant need for the provision of rain for the crops so that the people might have food and healthy drinking water.  As a result of consistent famine and disease, prayer for the Lords healing is always needed.  Thank you so much for your prayers.  We are blessed by the Lords continued provision and covering and we look forward to ministering together with you for many years to come.</p>\n'),
	(55,94,'### Gino and Darcy Canesssa\r\n\r\n*They were married on July 24th, 2009!*\r\n\r\nLima is the large, heavily populated, capital city of Peru.  It is predominantly Catholic, and the country is filled with people imprisoned by empty, repetitious customs.  We are currently ministering in three distinct areas inside of Lima, one where we live in the city (Magdalena) and two in the outskirts (Ventanilla and Pachacutec).  The outlying areas of Lima are extremely poverty-stricken with houses built into the dirt hillsides.  The physical hunger in Lima is only surpassed by a spiritual hunger.  So we are continually pointing people to Jesus, and He has been faithful to open doors to share Him with people!  We are involved with ministries for children and youth (teaching and outreach), discipleship of Calvary Chapel Bible College students and young men & women of Lima, teaching at the Bible college and ministering at the Calvary Chapel Church of Magdalena.\r\n\r\n### Prayer requests\r\n\r\nPraise Jesus because He is so good!  We cannot do anything without Him.  We thank you for praying for us!  We ask that you would join us in praying for the following:\r\n\r\n- That Jesus would always be the center of our marriage and our home\r\n- That it would always be Jesus who ministers through us\r\n- That we would be filled with and guided by the Holy Spirit\r\n- Darcis health\r\n- Ginos teachings throughout the week\r\n- That God would reach His people and transform their lives for His glory\r\n- For the many youth and kids that we are ministering to','<h3>Gino and Darcy Canesssa</h3>\n\n<p><em>They were married on July 24th, 2009!</em></p>\n\n<p>Lima is the large, heavily populated, capital city of Peru.  It is predominantly Catholic, and the country is filled with people imprisoned by empty, repetitious customs.  We are currently ministering in three distinct areas inside of Lima, one where we live in the city (Magdalena) and two in the outskirts (Ventanilla and Pachacutec).  The outlying areas of Lima are extremely poverty-stricken with houses built into the dirt hillsides.  The physical hunger in Lima is only surpassed by a spiritual hunger.  So we are continually pointing people to Jesus, and He has been faithful to open doors to share Him with people!  We are involved with ministries for children and youth (teaching and outreach), discipleship of Calvary Chapel Bible College students and young men &amp; women of Lima, teaching at the Bible college and ministering at the Calvary Chapel Church of Magdalena.</p>\n\n<h3>Prayer requests</h3>\n\n<p>Praise Jesus because He is so good!  We cannot do anything without Him.  We thank you for praying for us!  We ask that you would join us in praying for the following:</p>\n\n<ul>\n<li>That Jesus would always be the center of our marriage and our home</li>\n<li>That it would always be Jesus who ministers through us</li>\n<li>That we would be filled with and guided by the Holy Spirit</li>\n<li>Darcis health</li>\n<li>Ginos teachings throughout the week</li>\n<li>That God would reach His people and transform their lives for His glory</li>\n<li>For the many youth and kids that we are ministering to</li>\n</ul>\n'),
	(56,95,'### Jesse & Krista Ashmen\r\n\r\nEleri 1\r\n\r\nWe are missionaries with Torchbearers in Holsbybrunn, Sweden. We live on campus with 50 students who have come to learn more about what it means to be a Christ-follower. Students come from all over the world and are taught by both resident lecturers (like Jesse) and guest lecturers that fly in from different parts of the world. At Holsby, were involved with outreaches to the local and greater community. Most recently we led a mission trip to Gteborg, which was an incredible experience. We are very thankful for the life and opportunities God has given us. We hope to continue making a difference in the lives He sends our way. \r\n\r\n### Prayer requests\r\n\r\n- For our ministry:\r\n  - Please be praying that the Lord would continue to bring willing and eager students despite the worldwide economic recession.\r\n  - We have a need for able short-term staff members willing to serve in maintenance, hospitality or an adventure team.  Please pray that the Lord provides the right people for these roles.\r\n  - Our campus will serve as the holiday grounds for nearly 1,000 Swedes during one of our biggest Scandinavian holidays  Midsomer.  Join us in praying for the logistics, which can be challenging, as well our opportunity to reach out to these listeners as many of them have no relationship with the Lord.\r\n- For us personally:\r\n  - We have been blessed with our first child, Eleri.  Like all new parents, we need prayer for wisdom, patience and love for our little girl.','<h3>Jesse &amp; Krista Ashmen</h3>\n\n<p>Eleri 1</p>\n\n<p>We are missionaries with Torchbearers in Holsbybrunn, Sweden. We live on campus with 50 students who have come to learn more about what it means to be a Christ-follower. Students come from all over the world and are taught by both resident lecturers (like Jesse) and guest lecturers that fly in from different parts of the world. At Holsby, were involved with outreaches to the local and greater community. Most recently we led a mission trip to Gteborg, which was an incredible experience. We are very thankful for the life and opportunities God has given us. We hope to continue making a difference in the lives He sends our way.</p>\n\n<h3>Prayer requests</h3>\n\n<ul>\n<li>For our ministry:\n\n<ul>\n<li>Please be praying that the Lord would continue to bring willing and eager students despite the worldwide economic recession.</li>\n<li>We have a need for able short-term staff members willing to serve in maintenance, hospitality or an adventure team.  Please pray that the Lord provides the right people for these roles.</li>\n<li>Our campus will serve as the holiday grounds for nearly 1,000 Swedes during one of our biggest Scandinavian holidays  Midsomer.  Join us in praying for the logistics, which can be challenging, as well our opportunity to reach out to these listeners as many of them have no relationship with the Lord.</li>\n</ul></li>\n<li>For us personally:\n\n<ul>\n<li>We have been blessed with our first child, Eleri.  Like all new parents, we need prayer for wisdom, patience and love for our little girl.</li>\n</ul></li>\n</ul>\n'),
	(57,96,'### Randy and Alisa Varga           \r\n\r\nRandy, Alisa, Josh, Eli and Gabe Varga\r\n\r\nRandy and Alisa are in Kampala Uganda to help serve at a mission base. Their vision is to share the gospel, to love on the kids and to be a godly example for those they will encounter in Uganda. The Vargas will primarily be serving at Hope Christian Home, a big facility that houses and feeds several hundred orphans. In addition to serving at the mission they hope to share the gospel anywhere from prisons, to radio stations, to the streets of Uganda. Currently Randy, a contractor himself, is helping with the construction of a new building project called the Field of Dreams which will be able to house more missionaries and orphans.\r\n\r\n### Prayer requests\r\n\r\nHey church family! We have been so blessed to be a part of Athey and are really excited to be in Uganda to do Gods work! We thank you deeply for your prayers and are glad to know that the Lords work is done in Wilsonville as well as in Uganda.','<h3>Randy and Alisa Varga</h3>\n\n<p>Randy, Alisa, Josh, Eli and Gabe Varga</p>\n\n<p>Randy and Alisa are in Kampala Uganda to help serve at a mission base. Their vision is to share the gospel, to love on the kids and to be a godly example for those they will encounter in Uganda. The Vargas will primarily be serving at Hope Christian Home, a big facility that houses and feeds several hundred orphans. In addition to serving at the mission they hope to share the gospel anywhere from prisons, to radio stations, to the streets of Uganda. Currently Randy, a contractor himself, is helping with the construction of a new building project called the Field of Dreams which will be able to house more missionaries and orphans.</p>\n\n<h3>Prayer requests</h3>\n\n<p>Hey church family! We have been so blessed to be a part of Athey and are really excited to be in Uganda to do Gods work! We thank you deeply for your prayers and are glad to know that the Lords work is done in Wilsonville as well as in Uganda.</p>\n'),
	(52,97,'### Tad and Marna Slaughter\r\n\r\nJoel (Wheaton), Amy (Wheaton) and John\r\n\r\nThe Islands of Vanuatu are located in the South Pacific west of Fiji.  In the late 1800s the first missionaries came to these fierce cannibalistic islands.  In an amazingly brief space of time many became Christians with entire populations of some islands coming to Christ.  In spite of this, there is little teaching through the Bible today.  Consequently, there is a huge hunger for the Word and many opportunities for sharing with people.  Our work is to help people know Jesus and love Him more as a result of learning who He is through the study of His Word.\r\n\r\n### Prayer requests\r\n\r\nThe Lord has been adding to and blessing the church here, for which we are thankful.  We are also thankful for the Lords constant provision of everything we need - wisdom, direction and daily necessities.  Please pray that the Lord would provide safe transportation for the new people who have begun to attend the fellowship (our truck is simply not enough), and that the people coming to church would truly comprehend Gods grace and mercy in their lives.  Pray for discernment that we would know which of the open doors the Lord has for US since there are so many possibilities! ','<h3>Tad and Marna Slaughter</h3>\n\n<p>Joel (Wheaton), Amy (Wheaton) and John</p>\n\n<p>The Islands of Vanuatu are located in the South Pacific west of Fiji.  In the late 1800s the first missionaries came to these fierce cannibalistic islands.  In an amazingly brief space of time many became Christians with entire populations of some islands coming to Christ.  In spite of this, there is little teaching through the Bible today.  Consequently, there is a huge hunger for the Word and many opportunities for sharing with people.  Our work is to help people know Jesus and love Him more as a result of learning who He is through the study of His Word.</p>\n\n<h3>Prayer requests</h3>\n\n<p>The Lord has been adding to and blessing the church here, for which we are thankful.  We are also thankful for the Lords constant provision of everything we need - wisdom, direction and daily necessities.  Please pray that the Lord would provide safe transportation for the new people who have begun to attend the fellowship (our truck is simply not enough), and that the people coming to church would truly comprehend Gods grace and mercy in their lives.  Pray for discernment that we would know which of the open doors the Lord has for US since there are so many possibilities!</p>\n'),
	(58,101,'For your convenience we now have the ability to accept tithes and offerings electronically via our online giving page.  We use PayPal for our financial transactions to guarantee that your funds transfers are private and secure. \r\n\r\nAthey Creek is faithfully committed to good stewardship and integrity in the management of the resources God has provided us. \r\n\r\nThank you for your heart of giving to the Lord!\r\n\r\n**[Give here ](https://www.paypal.com/cgi-bin/webscr?cmd=_s-xclick&hosted_button_id=M68CFZVMTZFNY)**','<p>For your convenience we now have the ability to accept tithes and offerings electronically via our online giving page.  We use PayPal for our financial transactions to guarantee that your funds transfers are private and secure.</p>\n\n<p>Athey Creek is faithfully committed to good stewardship and integrity in the management of the resources God has provided us.</p>\n\n<p>Thank you for your heart of giving to the Lord!</p>\n\n<p><strong><a href=\"https://www.paypal.com/cgi-bin/webscr?cmd=_s-xclick&amp;hosted_button_id=M68CFZVMTZFNY\">Give here </a></strong></p>\n'),
	(63,104,'### If you would like to get in touch with us, please feel free to call or drop by the church office.\r\n\r\n**Church Office**\r\n\r\n- Phone (971) 327-2120\r\n- Fax (971) 327-2123\r\n- Address  \r\n27520 SW 95th Ave  \r\nWilsonville, OR 97070\r\n- Mail  \r\nP.O. Box 534  \r\nTualatin, OR 97062\r\n- Office Hours\r\n  - 9:00 AM to 5:00 PM - Tues, Thur, Fri\r\n  - 9:00 AM to 12:00 PM - Wed\r\n  - Closed Monday','<h3>If you would like to get in touch with us, please feel free to call or drop by the church office.</h3>\n\n<p><strong>Church Office</strong></p>\n\n<ul>\n<li>Phone (971) 327-2120</li>\n<li>Fax (971) 327-2123</li>\n<li>Address<br />\n27520 SW 95th Ave<br />\nWilsonville, OR 97070</li>\n<li>Mail<br />\nP.O. Box 534<br />\nTualatin, OR 97062</li>\n<li>Office Hours\n\n<ul>\n<li>9:00 AM to 5:00 PM - Tues, Thur, Fri</li>\n<li>9:00 AM to 12:00 PM - Wed</li>\n<li>Closed Monday</li>\n</ul></li>\n</ul>\n'),
	(60,106,'### Opportunities for fellowship','<h3>Opportunities for fellowship</h3>\n'),
	(61,108,'### There are a variety of other Bible studies and fellowship opportunities throughout the week.','<h3>There are a variety of other Bible studies and fellowship opportunities throughout the week.</h3>\n');

/*!40000 ALTER TABLE `sym_entries_data_36` ENABLE KEYS */;
UNLOCK TABLES;


# Dump of table sym_entries_data_37
# ------------------------------------------------------------

DROP TABLE IF EXISTS `sym_entries_data_37`;

CREATE TABLE `sym_entries_data_37` (
  `id` int(11) unsigned NOT NULL AUTO_INCREMENT,
  `entry_id` int(11) unsigned NOT NULL,
  `handle` varchar(255) DEFAULT NULL,
  `value` varchar(255) DEFAULT NULL,
  PRIMARY KEY (`id`),
  KEY `entry_id` (`entry_id`),
  KEY `handle` (`handle`),
  KEY `value` (`value`)
) ENGINE=MyISAM AUTO_INCREMENT=63 DEFAULT CHARSET=utf8;

LOCK TABLES `sym_entries_data_37` WRITE;
/*!40000 ALTER TABLE `sym_entries_data_37` DISABLE KEYS */;
INSERT INTO `sym_entries_data_37` (`id`,`entry_id`,`handle`,`value`)
VALUES
	(3,21,'home','Home'),
	(43,34,'bulletin-board','Bulletin board'),
	(34,35,'womens','Women\'s'),
	(35,36,'college-and-career','College and Career'),
	(36,37,'missions','Missions'),
	(37,38,'childrens','Children\'s'),
	(38,39,'junior-high','Junior High'),
	(39,40,'high-school','High School'),
	(40,45,'missions','Missions'),
	(12,53,'the-islands-of-vanuatu','The Islands of Vanuatu'),
	(13,55,'natanara-christian-fellowship','Natanara Christian Fellowship'),
	(15,57,'fanafo-christian-fellowship','Fanafo Christian Fellowship'),
	(17,79,'saturday-night','Saturday night'),
	(18,79,'sunday-morning','Sunday morning'),
	(41,87,'celebration','Celebration'),
	(42,89,'wednesday-night','Wednesday night'),
	(51,92,'brazil','Brazil'),
	(52,93,'burkina-faso','Burkina Faso'),
	(53,94,'peru','Peru'),
	(54,95,'sweden','Sweden'),
	(55,96,'uganda','Uganda'),
	(50,97,'vanuatu','Vanuatu'),
	(56,101,'online-giving','Online giving'),
	(58,106,'meetings','Meetings'),
	(59,108,'bible-studies','Bible studies'),
	(62,104,'contact-us','Contact us');

/*!40000 ALTER TABLE `sym_entries_data_37` ENABLE KEYS */;
UNLOCK TABLES;


# Dump of table sym_entries_data_38
# ------------------------------------------------------------

DROP TABLE IF EXISTS `sym_entries_data_38`;

CREATE TABLE `sym_entries_data_38` (
  `id` int(11) unsigned NOT NULL AUTO_INCREMENT,
  `entry_id` int(11) unsigned NOT NULL,
  `handle` varchar(255) DEFAULT NULL,
  `value` varchar(255) DEFAULT NULL,
  PRIMARY KEY (`id`),
  UNIQUE KEY `entry_id` (`entry_id`),
  KEY `handle` (`handle`),
  KEY `value` (`value`)
) ENGINE=MyISAM AUTO_INCREMENT=33 DEFAULT CHARSET=utf8;

LOCK TABLES `sym_entries_data_38` WRITE;
/*!40000 ALTER TABLE `sym_entries_data_38` DISABLE KEYS */;
INSERT INTO `sym_entries_data_38` (`id`,`entry_id`,`handle`,`value`)
VALUES
	(11,26,'2-chron-20-29-30','2 Chron 20:29-30'),
	(13,41,'romans-5-8','Romans 5:8'),
	(15,80,'hebrews-10-24-25','Hebrews 10:24-25'),
	(17,86,'psalm-73-28','Psalm 73:28'),
	(18,88,'colossians-3-16','Colossians 3:16'),
	(19,99,'malachi-3-10','Malachi 3:10'),
	(20,103,'galatians-6-10','Galatians 6:10'),
	(21,107,'colossians-2-6-7','Colossians 2:6-7'),
	(22,109,'2-timothy-3-16-17','2 Timothy 3:16-17'),
	(32,126,'mark-16-15','Mark 16:15');

/*!40000 ALTER TABLE `sym_entries_data_38` ENABLE KEYS */;
UNLOCK TABLES;


# Dump of table sym_entries_data_39
# ------------------------------------------------------------

DROP TABLE IF EXISTS `sym_entries_data_39`;

CREATE TABLE `sym_entries_data_39` (
  `id` int(11) unsigned NOT NULL AUTO_INCREMENT,
  `entry_id` int(11) unsigned NOT NULL,
  `handle` varchar(255) DEFAULT NULL,
  `value` varchar(255) DEFAULT NULL,
  PRIMARY KEY (`id`),
  KEY `entry_id` (`entry_id`),
  KEY `handle` (`handle`),
  KEY `value` (`value`)
) ENGINE=MyISAM AUTO_INCREMENT=36 DEFAULT CHARSET=utf8;

LOCK TABLES `sym_entries_data_39` WRITE;
/*!40000 ALTER TABLE `sym_entries_data_39` DISABLE KEYS */;
INSERT INTO `sym_entries_data_39` (`id`,`entry_id`,`handle`,`value`)
VALUES
	(13,26,'israel','Israel'),
	(15,41,'high-school-ministry','High School ministry'),
	(17,80,'saturday-night','Saturday night'),
	(18,80,'sunday-morning','Sunday morning'),
	(20,86,'celebration','Celebration'),
	(21,88,'wednesday-night','Wednesday night'),
	(22,99,'online-giving','Online giving'),
	(23,103,'contact-us','Contact us'),
	(24,107,'meetings','Meetings'),
	(25,109,'bible-studies','Bible studies'),
	(35,126,'missions','Missions');

/*!40000 ALTER TABLE `sym_entries_data_39` ENABLE KEYS */;
UNLOCK TABLES;


# Dump of table sym_entries_data_41
# ------------------------------------------------------------

DROP TABLE IF EXISTS `sym_entries_data_41`;

CREATE TABLE `sym_entries_data_41` (
  `id` int(11) unsigned NOT NULL AUTO_INCREMENT,
  `entry_id` int(11) unsigned NOT NULL,
  `handle` varchar(255) DEFAULT NULL,
  `value` varchar(255) DEFAULT NULL,
  PRIMARY KEY (`id`),
  UNIQUE KEY `entry_id` (`entry_id`),
  KEY `handle` (`handle`),
  KEY `value` (`value`)
) ENGINE=MyISAM AUTO_INCREMENT=13 DEFAULT CHARSET=utf8;

LOCK TABLES `sym_entries_data_41` WRITE;
/*!40000 ALTER TABLE `sym_entries_data_41` DISABLE KEYS */;
INSERT INTO `sym_entries_data_41` (`id`,`entry_id`,`handle`,`value`)
VALUES
	(12,42,'medical-release-form','Medical release form');

/*!40000 ALTER TABLE `sym_entries_data_41` ENABLE KEYS */;
UNLOCK TABLES;


# Dump of table sym_entries_data_42
# ------------------------------------------------------------

DROP TABLE IF EXISTS `sym_entries_data_42`;

CREATE TABLE `sym_entries_data_42` (
  `id` int(11) unsigned NOT NULL AUTO_INCREMENT,
  `entry_id` int(11) unsigned NOT NULL,
  `file` varchar(255) DEFAULT NULL,
  `size` int(11) unsigned NOT NULL,
  `mimetype` varchar(50) DEFAULT NULL,
  `meta` varchar(255) DEFAULT NULL,
  PRIMARY KEY (`id`),
  KEY `entry_id` (`entry_id`),
  KEY `file` (`file`),
  KEY `mimetype` (`mimetype`)
) ENGINE=MyISAM AUTO_INCREMENT=13 DEFAULT CHARSET=utf8;

LOCK TABLES `sym_entries_data_42` WRITE;
/*!40000 ALTER TABLE `sym_entries_data_42` DISABLE KEYS */;
INSERT INTO `sym_entries_data_42` (`id`,`entry_id`,`file`,`size`,`mimetype`,`meta`)
VALUES
	(12,42,'/uploads/files/Medical_Authorization_2011-1298407980.pdf',13388,'unknown','a:1:{s:8:\"creation\";s:25:\"2011-02-22T12:52:59-08:00\";}');

/*!40000 ALTER TABLE `sym_entries_data_42` ENABLE KEYS */;
UNLOCK TABLES;


# Dump of table sym_entries_data_43
# ------------------------------------------------------------

DROP TABLE IF EXISTS `sym_entries_data_43`;

CREATE TABLE `sym_entries_data_43` (
  `id` int(11) unsigned NOT NULL AUTO_INCREMENT,
  `entry_id` int(11) unsigned NOT NULL,
  `value` text,
  `value_formatted` text,
  PRIMARY KEY (`id`),
  UNIQUE KEY `entry_id` (`entry_id`),
  FULLTEXT KEY `value` (`value`)
) ENGINE=MyISAM AUTO_INCREMENT=13 DEFAULT CHARSET=utf8;

LOCK TABLES `sym_entries_data_43` WRITE;
/*!40000 ALTER TABLE `sym_entries_data_43` DISABLE KEYS */;
INSERT INTO `sym_entries_data_43` (`id`,`entry_id`,`value`,`value_formatted`)
VALUES
	(12,42,NULL,'\n');

/*!40000 ALTER TABLE `sym_entries_data_43` ENABLE KEYS */;
UNLOCK TABLES;


# Dump of table sym_entries_data_44
# ------------------------------------------------------------

DROP TABLE IF EXISTS `sym_entries_data_44`;

CREATE TABLE `sym_entries_data_44` (
  `id` int(11) unsigned NOT NULL AUTO_INCREMENT,
  `entry_id` int(11) unsigned NOT NULL,
  `handle` varchar(255) DEFAULT NULL,
  `value` varchar(255) DEFAULT NULL,
  PRIMARY KEY (`id`),
  KEY `entry_id` (`entry_id`),
  KEY `handle` (`handle`),
  KEY `value` (`value`)
) ENGINE=MyISAM AUTO_INCREMENT=38 DEFAULT CHARSET=utf8;

LOCK TABLES `sym_entries_data_44` WRITE;
/*!40000 ALTER TABLE `sym_entries_data_44` DISABLE KEYS */;
INSERT INTO `sym_entries_data_44` (`id`,`entry_id`,`handle`,`value`)
VALUES
	(37,42,'junior-high','Junior High'),
	(35,42,'childrens','Children\'s'),
	(36,42,'high-school','High School');

/*!40000 ALTER TABLE `sym_entries_data_44` ENABLE KEYS */;
UNLOCK TABLES;


# Dump of table sym_entries_data_45
# ------------------------------------------------------------

DROP TABLE IF EXISTS `sym_entries_data_45`;

CREATE TABLE `sym_entries_data_45` (
  `id` int(11) unsigned NOT NULL AUTO_INCREMENT,
  `entry_id` int(11) unsigned NOT NULL,
  `handle` varchar(255) DEFAULT NULL,
  `value` varchar(255) DEFAULT NULL,
  PRIMARY KEY (`id`),
  KEY `entry_id` (`entry_id`),
  KEY `handle` (`handle`),
  KEY `value` (`value`)
) ENGINE=MyISAM AUTO_INCREMENT=137 DEFAULT CHARSET=utf8;

LOCK TABLES `sym_entries_data_45` WRITE;
/*!40000 ALTER TABLE `sym_entries_data_45` DISABLE KEYS */;
INSERT INTO `sym_entries_data_45` (`id`,`entry_id`,`handle`,`value`)
VALUES
	(57,44,NULL,NULL),
	(132,31,'ministries','Ministries'),
	(63,32,'ministries','Ministries'),
	(134,30,'ministries','Ministries'),
	(131,28,'ministries','Ministries'),
	(129,123,NULL,NULL),
	(82,47,'missions','Missions'),
	(83,48,'missions','Missions'),
	(81,49,'missions','Missions'),
	(80,50,'missions','Missions'),
	(28,51,'missions','Missions'),
	(90,54,'vanuatu','Vanuatu'),
	(114,114,NULL,NULL),
	(109,64,'events','Events'),
	(25,72,'meetings','Meetings'),
	(38,73,'meetings','Meetings'),
	(76,77,'missions','Missions'),
	(70,33,NULL,NULL),
	(98,46,'missions','Missions'),
	(51,82,'meetings','Meetings'),
	(52,83,'meetings','Meetings'),
	(74,84,'meetings','Meetings'),
	(75,85,'meetings','Meetings'),
	(73,29,'ministries','Ministries'),
	(67,27,'ministries','Ministries'),
	(66,90,'community','Community'),
	(111,91,'about','About'),
	(133,124,'ministries','Ministries'),
	(130,98,'unknown','Unknown'),
	(121,102,'about','About'),
	(101,56,'vanuatu','Vanuatu'),
	(106,115,NULL,NULL),
	(108,116,NULL,NULL),
	(110,19,'missions','Missions'),
	(113,22,NULL,NULL),
	(127,117,'about','About'),
	(126,118,'about','About'),
	(125,119,'about','About'),
	(136,120,'about','About'),
	(119,121,'about','About'),
	(120,122,'about','About'),
	(122,102,'community','Community'),
	(123,102,'home','Home');

/*!40000 ALTER TABLE `sym_entries_data_45` ENABLE KEYS */;
UNLOCK TABLES;


# Dump of table sym_entries_data_46
# ------------------------------------------------------------

DROP TABLE IF EXISTS `sym_entries_data_46`;

CREATE TABLE `sym_entries_data_46` (
  `id` int(11) unsigned NOT NULL AUTO_INCREMENT,
  `entry_id` int(11) unsigned NOT NULL,
  `handle` varchar(255) DEFAULT NULL,
  `value` varchar(255) DEFAULT NULL,
  PRIMARY KEY (`id`),
  UNIQUE KEY `entry_id` (`entry_id`),
  KEY `handle` (`handle`),
  KEY `value` (`value`)
) ENGINE=MyISAM AUTO_INCREMENT=8 DEFAULT CHARSET=utf8;

LOCK TABLES `sym_entries_data_46` WRITE;
/*!40000 ALTER TABLE `sym_entries_data_46` DISABLE KEYS */;
INSERT INTO `sym_entries_data_46` (`id`,`entry_id`,`handle`,`value`)
VALUES
	(1,52,'vanuatu-on-wikipedia','Vanuatu on Wikipedia'),
	(2,58,'uganda-on-wikipedia','Uganda on Wikipedia'),
	(3,59,'jesse-and-kristas-website','Jesse and Krista\'s website'),
	(4,60,'peru-on-wikipedia','Peru on Wikipedia'),
	(5,61,'burkina-faso-on-wikipedia','Burkina Faso on Wikipedia'),
	(6,62,'brazil-on-wikipedia','Brazil on Wikipedia'),
	(7,63,'sweden-on-wikipedia','Sweden on Wikipedia');

/*!40000 ALTER TABLE `sym_entries_data_46` ENABLE KEYS */;
UNLOCK TABLES;


# Dump of table sym_entries_data_47
# ------------------------------------------------------------

DROP TABLE IF EXISTS `sym_entries_data_47`;

CREATE TABLE `sym_entries_data_47` (
  `id` int(11) unsigned NOT NULL AUTO_INCREMENT,
  `entry_id` int(11) unsigned NOT NULL,
  `handle` varchar(255) DEFAULT NULL,
  `value` varchar(255) DEFAULT NULL,
  PRIMARY KEY (`id`),
  UNIQUE KEY `entry_id` (`entry_id`),
  KEY `handle` (`handle`),
  KEY `value` (`value`)
) ENGINE=MyISAM AUTO_INCREMENT=8 DEFAULT CHARSET=utf8;

LOCK TABLES `sym_entries_data_47` WRITE;
/*!40000 ALTER TABLE `sym_entries_data_47` DISABLE KEYS */;
INSERT INTO `sym_entries_data_47` (`id`,`entry_id`,`handle`,`value`)
VALUES
	(1,52,'http-enwikipediaorg-wiki-vanuatu','http://en.wikipedia.org/wiki/Vanuatu'),
	(2,58,'http-enwikipediaorg-wiki-uganda','http://en.wikipedia.org/wiki/Uganda'),
	(3,59,'http-webmaccom-xero-the-ashmens-welcomehtml','http://web.mac.com/xero/The_Ashmens/Welcome.html'),
	(4,60,'http-enwikipediaorg-wiki-peru','http://en.wikipedia.org/wiki/Peru'),
	(5,61,'http-enwikipediaorg-wiki-burkina-faso','http://en.wikipedia.org/wiki/Burkina_Faso'),
	(6,62,'http-enwikipediaorg-wiki-brazil','http://en.wikipedia.org/wiki/Brazil'),
	(7,63,'http-enwikipediaorg-wiki-sweden','http://en.wikipedia.org/wiki/Sweden');

/*!40000 ALTER TABLE `sym_entries_data_47` ENABLE KEYS */;
UNLOCK TABLES;


# Dump of table sym_entries_data_48
# ------------------------------------------------------------

DROP TABLE IF EXISTS `sym_entries_data_48`;

CREATE TABLE `sym_entries_data_48` (
  `id` int(11) unsigned NOT NULL AUTO_INCREMENT,
  `entry_id` int(11) unsigned NOT NULL,
  `handle` varchar(255) DEFAULT NULL,
  `value` varchar(255) DEFAULT NULL,
  PRIMARY KEY (`id`),
  KEY `entry_id` (`entry_id`),
  KEY `handle` (`handle`),
  KEY `value` (`value`)
) ENGINE=MyISAM AUTO_INCREMENT=8 DEFAULT CHARSET=utf8;

LOCK TABLES `sym_entries_data_48` WRITE;
/*!40000 ALTER TABLE `sym_entries_data_48` DISABLE KEYS */;
INSERT INTO `sym_entries_data_48` (`id`,`entry_id`,`handle`,`value`)
VALUES
	(1,52,'the-islands-of-vanuatu','The Islands of Vanuatu'),
	(2,58,'kampala-uganda','Kampala, Uganda'),
	(3,59,'holsbybrunn-sweden','Holsbybrunn, Sweden'),
	(4,60,'lima-peru','Lima, Peru'),
	(5,61,'ouagadougou-burkina-faso','Ouagadougou, Burkina Faso'),
	(6,62,'brazil','Brazil'),
	(7,63,'holsbybrunn-sweden','Holsbybrunn, Sweden');

/*!40000 ALTER TABLE `sym_entries_data_48` ENABLE KEYS */;
UNLOCK TABLES;


# Dump of table sym_entries_data_49
# ------------------------------------------------------------

DROP TABLE IF EXISTS `sym_entries_data_49`;

CREATE TABLE `sym_entries_data_49` (
  `id` int(11) unsigned NOT NULL AUTO_INCREMENT,
  `entry_id` int(11) unsigned NOT NULL,
  `value` double DEFAULT NULL,
  PRIMARY KEY (`id`),
  KEY `entry_id` (`entry_id`),
  KEY `value` (`value`)
) ENGINE=MyISAM AUTO_INCREMENT=128 DEFAULT CHARSET=utf8;

LOCK TABLES `sym_entries_data_49` WRITE;
/*!40000 ALTER TABLE `sym_entries_data_49` DISABLE KEYS */;
INSERT INTO `sym_entries_data_49` (`id`,`entry_id`,`value`)
VALUES
	(106,22,2),
	(66,27,9),
	(122,28,14),
	(72,29,13),
	(125,30,12),
	(123,31,10),
	(62,32,8),
	(69,33,7),
	(56,44,6),
	(92,46,21),
	(81,47,18),
	(82,48,16),
	(80,49,19),
	(79,50,20),
	(30,51,17),
	(86,54,23),
	(94,56,22),
	(102,64,24),
	(75,77,32),
	(103,19,29),
	(40,73,31),
	(27,72,30),
	(65,90,33),
	(50,82,26),
	(51,83,25),
	(73,84,28),
	(74,85,27),
	(104,91,34),
	(121,98,35),
	(114,102,36),
	(107,114,3),
	(99,115,4),
	(101,116,5),
	(118,117,37),
	(117,118,38),
	(116,119,39),
	(127,120,15),
	(112,121,40),
	(113,122,41),
	(120,123,1),
	(124,124,11);

/*!40000 ALTER TABLE `sym_entries_data_49` ENABLE KEYS */;
UNLOCK TABLES;


# Dump of table sym_entries_data_5
# ------------------------------------------------------------

DROP TABLE IF EXISTS `sym_entries_data_5`;

CREATE TABLE `sym_entries_data_5` (
  `id` int(11) unsigned NOT NULL AUTO_INCREMENT,
  `entry_id` int(11) unsigned NOT NULL,
  `username` varchar(50) DEFAULT NULL,
  `password` varchar(32) DEFAULT NULL,
  PRIMARY KEY (`id`),
  KEY `entry_id` (`entry_id`),
  KEY `username` (`username`)
) ENGINE=MyISAM AUTO_INCREMENT=6 DEFAULT CHARSET=utf8;

LOCK TABLES `sym_entries_data_5` WRITE;
/*!40000 ALTER TABLE `sym_entries_data_5` DISABLE KEYS */;
INSERT INTO `sym_entries_data_5` (`id`,`entry_id`,`username`,`password`)
VALUES
	(3,1,'kirkstrobeck','199aa97af20bc24339c1dfae5f94766c'),
	(4,3,'kirk_strobeck2','199aa97af20bc24339c1dfae5f94766c'),
	(5,69,NULL,NULL);

/*!40000 ALTER TABLE `sym_entries_data_5` ENABLE KEYS */;
UNLOCK TABLES;


# Dump of table sym_entries_data_50
# ------------------------------------------------------------

DROP TABLE IF EXISTS `sym_entries_data_50`;

CREATE TABLE `sym_entries_data_50` (
  `id` int(11) unsigned NOT NULL AUTO_INCREMENT,
  `entry_id` int(11) unsigned NOT NULL,
  `handle` varchar(255) DEFAULT NULL,
  `value` varchar(255) DEFAULT NULL,
  PRIMARY KEY (`id`),
  UNIQUE KEY `entry_id` (`entry_id`),
  KEY `handle` (`handle`),
  KEY `value` (`value`)
) ENGINE=MyISAM AUTO_INCREMENT=6 DEFAULT CHARSET=utf8;

LOCK TABLES `sym_entries_data_50` WRITE;
/*!40000 ALTER TABLE `sym_entries_data_50` DISABLE KEYS */;
INSERT INTO `sym_entries_data_50` (`id`,`entry_id`,`handle`,`value`)
VALUES
	(5,68,'accf-sanctuary','ACCF sanctuary'),
	(3,110,'villahermosa','Villahermosa');

/*!40000 ALTER TABLE `sym_entries_data_50` ENABLE KEYS */;
UNLOCK TABLES;


# Dump of table sym_entries_data_51
# ------------------------------------------------------------

DROP TABLE IF EXISTS `sym_entries_data_51`;

CREATE TABLE `sym_entries_data_51` (
  `id` int(11) unsigned NOT NULL AUTO_INCREMENT,
  `entry_id` int(11) unsigned NOT NULL,
  `value` text,
  `value_formatted` text,
  PRIMARY KEY (`id`),
  UNIQUE KEY `entry_id` (`entry_id`),
  FULLTEXT KEY `value` (`value`)
) ENGINE=MyISAM AUTO_INCREMENT=6 DEFAULT CHARSET=utf8;

LOCK TABLES `sym_entries_data_51` WRITE;
/*!40000 ALTER TABLE `sym_entries_data_51` DISABLE KEYS */;
INSERT INTO `sym_entries_data_51` (`id`,`entry_id`,`value`,`value_formatted`)
VALUES
	(5,68,NULL,NULL),
	(3,110,NULL,NULL);

/*!40000 ALTER TABLE `sym_entries_data_51` ENABLE KEYS */;
UNLOCK TABLES;


# Dump of table sym_entries_data_52
# ------------------------------------------------------------

DROP TABLE IF EXISTS `sym_entries_data_52`;

CREATE TABLE `sym_entries_data_52` (
  `id` int(11) unsigned NOT NULL AUTO_INCREMENT,
  `entry_id` int(11) unsigned NOT NULL,
  `handle` varchar(255) DEFAULT NULL,
  `value` varchar(255) DEFAULT NULL,
  PRIMARY KEY (`id`),
  UNIQUE KEY `entry_id` (`entry_id`),
  KEY `handle` (`handle`),
  KEY `value` (`value`)
) ENGINE=MyISAM AUTO_INCREMENT=4 DEFAULT CHARSET=utf8;

LOCK TABLES `sym_entries_data_52` WRITE;
/*!40000 ALTER TABLE `sym_entries_data_52` DISABLE KEYS */;
INSERT INTO `sym_entries_data_52` (`id`,`entry_id`,`handle`,`value`)
VALUES
	(3,68,'27520-sw-95th-avenue','27520 SW 95th Avenue');

/*!40000 ALTER TABLE `sym_entries_data_52` ENABLE KEYS */;
UNLOCK TABLES;


# Dump of table sym_entries_data_53
# ------------------------------------------------------------

DROP TABLE IF EXISTS `sym_entries_data_53`;

CREATE TABLE `sym_entries_data_53` (
  `id` int(11) unsigned NOT NULL AUTO_INCREMENT,
  `entry_id` int(11) unsigned NOT NULL,
  `handle` varchar(255) DEFAULT NULL,
  `value` varchar(255) DEFAULT NULL,
  PRIMARY KEY (`id`),
  UNIQUE KEY `entry_id` (`entry_id`),
  KEY `handle` (`handle`),
  KEY `value` (`value`)
) ENGINE=MyISAM AUTO_INCREMENT=4 DEFAULT CHARSET=utf8;

LOCK TABLES `sym_entries_data_53` WRITE;
/*!40000 ALTER TABLE `sym_entries_data_53` DISABLE KEYS */;
INSERT INTO `sym_entries_data_53` (`id`,`entry_id`,`handle`,`value`)
VALUES
	(3,68,'wilsonville','Wilsonville');

/*!40000 ALTER TABLE `sym_entries_data_53` ENABLE KEYS */;
UNLOCK TABLES;


# Dump of table sym_entries_data_54
# ------------------------------------------------------------

DROP TABLE IF EXISTS `sym_entries_data_54`;

CREATE TABLE `sym_entries_data_54` (
  `id` int(11) unsigned NOT NULL AUTO_INCREMENT,
  `entry_id` int(11) unsigned NOT NULL,
  `handle` varchar(255) DEFAULT NULL,
  `value` varchar(255) DEFAULT NULL,
  PRIMARY KEY (`id`),
  UNIQUE KEY `entry_id` (`entry_id`),
  KEY `handle` (`handle`),
  KEY `value` (`value`)
) ENGINE=MyISAM AUTO_INCREMENT=4 DEFAULT CHARSET=utf8;

LOCK TABLES `sym_entries_data_54` WRITE;
/*!40000 ALTER TABLE `sym_entries_data_54` DISABLE KEYS */;
INSERT INTO `sym_entries_data_54` (`id`,`entry_id`,`handle`,`value`)
VALUES
	(3,68,'or','OR');

/*!40000 ALTER TABLE `sym_entries_data_54` ENABLE KEYS */;
UNLOCK TABLES;


# Dump of table sym_entries_data_55
# ------------------------------------------------------------

DROP TABLE IF EXISTS `sym_entries_data_55`;

CREATE TABLE `sym_entries_data_55` (
  `id` int(11) unsigned NOT NULL AUTO_INCREMENT,
  `entry_id` int(11) unsigned NOT NULL,
  `handle` varchar(255) DEFAULT NULL,
  `value` varchar(255) DEFAULT NULL,
  PRIMARY KEY (`id`),
  UNIQUE KEY `entry_id` (`entry_id`),
  KEY `handle` (`handle`),
  KEY `value` (`value`)
) ENGINE=MyISAM AUTO_INCREMENT=4 DEFAULT CHARSET=utf8;

LOCK TABLES `sym_entries_data_55` WRITE;
/*!40000 ALTER TABLE `sym_entries_data_55` DISABLE KEYS */;
INSERT INTO `sym_entries_data_55` (`id`,`entry_id`,`handle`,`value`)
VALUES
	(3,68,'97070','97070');

/*!40000 ALTER TABLE `sym_entries_data_55` ENABLE KEYS */;
UNLOCK TABLES;


# Dump of table sym_entries_data_56
# ------------------------------------------------------------

DROP TABLE IF EXISTS `sym_entries_data_56`;

CREATE TABLE `sym_entries_data_56` (
  `id` int(11) unsigned NOT NULL AUTO_INCREMENT,
  `entry_id` int(11) unsigned NOT NULL,
  `handle` varchar(255) DEFAULT NULL,
  `value` varchar(255) DEFAULT NULL,
  PRIMARY KEY (`id`),
  UNIQUE KEY `entry_id` (`entry_id`),
  KEY `handle` (`handle`),
  KEY `value` (`value`)
) ENGINE=MyISAM AUTO_INCREMENT=4 DEFAULT CHARSET=utf8;

LOCK TABLES `sym_entries_data_56` WRITE;
/*!40000 ALTER TABLE `sym_entries_data_56` DISABLE KEYS */;
INSERT INTO `sym_entries_data_56` (`id`,`entry_id`,`handle`,`value`)
VALUES
	(3,68,'us','US');

/*!40000 ALTER TABLE `sym_entries_data_56` ENABLE KEYS */;
UNLOCK TABLES;


# Dump of table sym_entries_data_57
# ------------------------------------------------------------

DROP TABLE IF EXISTS `sym_entries_data_57`;

CREATE TABLE `sym_entries_data_57` (
  `id` int(11) unsigned NOT NULL AUTO_INCREMENT,
  `entry_id` int(11) unsigned NOT NULL,
  `handle` varchar(255) DEFAULT NULL,
  `value` varchar(255) DEFAULT NULL,
  PRIMARY KEY (`id`),
  UNIQUE KEY `entry_id` (`entry_id`),
  KEY `handle` (`handle`),
  KEY `value` (`value`)
) ENGINE=MyISAM AUTO_INCREMENT=20 DEFAULT CHARSET=utf8;

LOCK TABLES `sym_entries_data_57` WRITE;
/*!40000 ALTER TABLE `sym_entries_data_57` DISABLE KEYS */;
INSERT INTO `sym_entries_data_57` (`id`,`entry_id`,`handle`,`value`)
VALUES
	(18,71,'a-divine-look-at-motherhood','A Divine Look at Motherhood'),
	(19,74,'revelation-study','Revelation Study'),
	(16,75,'morning-worship','Morning Worship');

/*!40000 ALTER TABLE `sym_entries_data_57` ENABLE KEYS */;
UNLOCK TABLES;


# Dump of table sym_entries_data_58
# ------------------------------------------------------------

DROP TABLE IF EXISTS `sym_entries_data_58`;

CREATE TABLE `sym_entries_data_58` (
  `id` int(11) unsigned NOT NULL AUTO_INCREMENT,
  `entry_id` int(11) unsigned NOT NULL,
  `value` text,
  `value_formatted` text,
  PRIMARY KEY (`id`),
  UNIQUE KEY `entry_id` (`entry_id`),
  FULLTEXT KEY `value` (`value`)
) ENGINE=MyISAM AUTO_INCREMENT=20 DEFAULT CHARSET=utf8;

LOCK TABLES `sym_entries_data_58` WRITE;
/*!40000 ALTER TABLE `sym_entries_data_58` DISABLE KEYS */;
INSERT INTO `sym_entries_data_58` (`id`,`entry_id`,`value`,`value_formatted`)
VALUES
	(18,71,'Please join us as we explore Gods plan for parenting. This 5 week series will provide an opportunity to dig into Gods Word and discover some serious Mom skills! Note: Childcare will be provided for single mothers.','<p>Please join us as we explore Gods plan for parenting. This 5 week series will provide an opportunity to dig into Gods Word and discover some serious Mom skills! Note: Childcare will be provided for single mothers.</p>\n'),
	(16,75,'We meet at Athey Creek Christian Fellowship every Thursday to start the day off right  worshipping the Lord! We will spend time in worship, prayer and communion, and the service will last one hour. Feel free to come and go as you wish. If you cant stay the whole hour, come and join us for as long as you can.','<p>We meet at Athey Creek Christian Fellowship every Thursday to start the day off right  worshipping the Lord! We will spend time in worship, prayer and communion, and the service will last one hour. Feel free to come and go as you wish. If you cant stay the whole hour, come and join us for as long as you can.</p>\n'),
	(19,74,'Join us in the sanctuary as Pastor Brett teaches verse-by-verse through Revelation. Studying through this powerful book is a great way to wrap up your week! Be checking the back table and here for updated info.','<p>Join us in the sanctuary as Pastor Brett teaches verse-by-verse through Revelation. Studying through this powerful book is a great way to wrap up your week! Be checking the back table and here for updated info.</p>\n');

/*!40000 ALTER TABLE `sym_entries_data_58` ENABLE KEYS */;
UNLOCK TABLES;


# Dump of table sym_entries_data_59
# ------------------------------------------------------------

DROP TABLE IF EXISTS `sym_entries_data_59`;

CREATE TABLE `sym_entries_data_59` (
  `id` int(11) unsigned NOT NULL AUTO_INCREMENT,
  `entry_id` int(11) unsigned NOT NULL,
  `handle` varchar(255) DEFAULT NULL,
  `value` varchar(255) DEFAULT NULL,
  PRIMARY KEY (`id`),
  UNIQUE KEY `entry_id` (`entry_id`),
  KEY `handle` (`handle`),
  KEY `value` (`value`)
) ENGINE=MyISAM AUTO_INCREMENT=3 DEFAULT CHARSET=utf8;

LOCK TABLES `sym_entries_data_59` WRITE;
/*!40000 ALTER TABLE `sym_entries_data_59` DISABLE KEYS */;
INSERT INTO `sym_entries_data_59` (`id`,`entry_id`,`handle`,`value`)
VALUES
	(2,70,'503-799-7780','503-799-7780');

/*!40000 ALTER TABLE `sym_entries_data_59` ENABLE KEYS */;
UNLOCK TABLES;


# Dump of table sym_entries_data_6
# ------------------------------------------------------------

DROP TABLE IF EXISTS `sym_entries_data_6`;

CREATE TABLE `sym_entries_data_6` (
  `id` int(11) unsigned NOT NULL AUTO_INCREMENT,
  `entry_id` int(11) unsigned NOT NULL,
  `role_id` int(11) unsigned NOT NULL,
  PRIMARY KEY (`id`),
  KEY `entry_id` (`entry_id`,`role_id`)
) ENGINE=MyISAM AUTO_INCREMENT=6 DEFAULT CHARSET=utf8;

LOCK TABLES `sym_entries_data_6` WRITE;
/*!40000 ALTER TABLE `sym_entries_data_6` DISABLE KEYS */;
INSERT INTO `sym_entries_data_6` (`id`,`entry_id`,`role_id`)
VALUES
	(3,1,3),
	(4,3,2),
	(5,69,2);

/*!40000 ALTER TABLE `sym_entries_data_6` ENABLE KEYS */;
UNLOCK TABLES;


# Dump of table sym_entries_data_60
# ------------------------------------------------------------

DROP TABLE IF EXISTS `sym_entries_data_60`;

CREATE TABLE `sym_entries_data_60` (
  `id` int(11) unsigned NOT NULL AUTO_INCREMENT,
  `entry_id` int(11) unsigned NOT NULL,
  `handle` varchar(255) DEFAULT NULL,
  `value` varchar(255) DEFAULT NULL,
  PRIMARY KEY (`id`),
  KEY `entry_id` (`entry_id`),
  KEY `handle` (`handle`),
  KEY `value` (`value`)
) ENGINE=MyISAM AUTO_INCREMENT=3 DEFAULT CHARSET=utf8;

LOCK TABLES `sym_entries_data_60` WRITE;
/*!40000 ALTER TABLE `sym_entries_data_60` DISABLE KEYS */;
INSERT INTO `sym_entries_data_60` (`id`,`entry_id`,`handle`,`value`)
VALUES
	(2,70,'judith-slaughter','Judith Slaughter');

/*!40000 ALTER TABLE `sym_entries_data_60` ENABLE KEYS */;
UNLOCK TABLES;


# Dump of table sym_entries_data_61
# ------------------------------------------------------------

DROP TABLE IF EXISTS `sym_entries_data_61`;

CREATE TABLE `sym_entries_data_61` (
  `id` int(11) unsigned NOT NULL AUTO_INCREMENT,
  `entry_id` int(11) unsigned NOT NULL,
  `handle` varchar(255) DEFAULT NULL,
  `value` varchar(255) DEFAULT NULL,
  PRIMARY KEY (`id`),
  KEY `entry_id` (`entry_id`),
  KEY `handle` (`handle`),
  KEY `value` (`value`)
) ENGINE=MyISAM DEFAULT CHARSET=utf8;



# Dump of table sym_entries_data_62
# ------------------------------------------------------------

DROP TABLE IF EXISTS `sym_entries_data_62`;

CREATE TABLE `sym_entries_data_62` (
  `id` int(11) unsigned NOT NULL AUTO_INCREMENT,
  `entry_id` int(11) unsigned NOT NULL,
  `handle` varchar(255) DEFAULT NULL,
  `value` varchar(255) DEFAULT NULL,
  PRIMARY KEY (`id`),
  UNIQUE KEY `entry_id` (`entry_id`),
  KEY `handle` (`handle`),
  KEY `value` (`value`)
) ENGINE=MyISAM DEFAULT CHARSET=utf8;



# Dump of table sym_entries_data_63
# ------------------------------------------------------------

DROP TABLE IF EXISTS `sym_entries_data_63`;

CREATE TABLE `sym_entries_data_63` (
  `id` int(11) unsigned NOT NULL AUTO_INCREMENT,
  `entry_id` int(11) unsigned NOT NULL,
  `handle` varchar(255) DEFAULT NULL,
  `value` varchar(255) DEFAULT NULL,
  PRIMARY KEY (`id`),
  KEY `entry_id` (`entry_id`),
  KEY `handle` (`handle`),
  KEY `value` (`value`)
) ENGINE=MyISAM AUTO_INCREMENT=19 DEFAULT CHARSET=utf8;

LOCK TABLES `sym_entries_data_63` WRITE;
/*!40000 ALTER TABLE `sym_entries_data_63` DISABLE KEYS */;
INSERT INTO `sym_entries_data_63` (`id`,`entry_id`,`handle`,`value`)
VALUES
	(17,71,'accf-sanctuary','ACCF sanctuary'),
	(18,74,'accf-sanctuary','ACCF sanctuary'),
	(15,75,'accf-sanctuary','ACCF sanctuary');

/*!40000 ALTER TABLE `sym_entries_data_63` ENABLE KEYS */;
UNLOCK TABLES;


# Dump of table sym_entries_data_64
# ------------------------------------------------------------

DROP TABLE IF EXISTS `sym_entries_data_64`;

CREATE TABLE `sym_entries_data_64` (
  `id` int(11) unsigned NOT NULL AUTO_INCREMENT,
  `entry_id` int(11) unsigned NOT NULL,
  `handle` varchar(255) DEFAULT NULL,
  `value` varchar(255) DEFAULT NULL,
  PRIMARY KEY (`id`),
  KEY `entry_id` (`entry_id`),
  KEY `handle` (`handle`),
  KEY `value` (`value`)
) ENGINE=MyISAM AUTO_INCREMENT=19 DEFAULT CHARSET=utf8;

LOCK TABLES `sym_entries_data_64` WRITE;
/*!40000 ALTER TABLE `sym_entries_data_64` DISABLE KEYS */;
INSERT INTO `sym_entries_data_64` (`id`,`entry_id`,`handle`,`value`)
VALUES
	(17,71,'judith-slaughter','Judith Slaughter'),
	(18,74,NULL,NULL),
	(15,75,NULL,NULL);

/*!40000 ALTER TABLE `sym_entries_data_64` ENABLE KEYS */;
UNLOCK TABLES;


# Dump of table sym_entries_data_65
# ------------------------------------------------------------

DROP TABLE IF EXISTS `sym_entries_data_65`;

CREATE TABLE `sym_entries_data_65` (
  `id` int(11) unsigned NOT NULL AUTO_INCREMENT,
  `entry_id` int(11) unsigned NOT NULL,
  `value` enum('yes','no') NOT NULL DEFAULT 'no',
  PRIMARY KEY (`id`),
  UNIQUE KEY `entry_id` (`entry_id`),
  KEY `value` (`value`)
) ENGINE=MyISAM AUTO_INCREMENT=19 DEFAULT CHARSET=utf8;

LOCK TABLES `sym_entries_data_65` WRITE;
/*!40000 ALTER TABLE `sym_entries_data_65` DISABLE KEYS */;
INSERT INTO `sym_entries_data_65` (`id`,`entry_id`,`value`)
VALUES
	(17,71,'no'),
	(18,74,'no'),
	(15,75,'no');

/*!40000 ALTER TABLE `sym_entries_data_65` ENABLE KEYS */;
UNLOCK TABLES;


# Dump of table sym_entries_data_67
# ------------------------------------------------------------

DROP TABLE IF EXISTS `sym_entries_data_67`;

CREATE TABLE `sym_entries_data_67` (
  `id` int(11) unsigned NOT NULL AUTO_INCREMENT,
  `entry_id` int(11) unsigned NOT NULL,
  `handle` varchar(255) DEFAULT NULL,
  `value` varchar(255) DEFAULT NULL,
  PRIMARY KEY (`id`),
  KEY `entry_id` (`entry_id`),
  KEY `handle` (`handle`),
  KEY `value` (`value`)
) ENGINE=MyISAM AUTO_INCREMENT=17 DEFAULT CHARSET=utf8;

LOCK TABLES `sym_entries_data_67` WRITE;
/*!40000 ALTER TABLE `sym_entries_data_67` DISABLE KEYS */;
INSERT INTO `sym_entries_data_67` (`id`,`entry_id`,`handle`,`value`)
VALUES
	(15,71,'tuesday','Tuesday'),
	(16,74,'friday','Friday'),
	(13,75,'thursday','Thursday');

/*!40000 ALTER TABLE `sym_entries_data_67` ENABLE KEYS */;
UNLOCK TABLES;


# Dump of table sym_entries_data_68
# ------------------------------------------------------------

DROP TABLE IF EXISTS `sym_entries_data_68`;

CREATE TABLE `sym_entries_data_68` (
  `id` int(11) unsigned NOT NULL AUTO_INCREMENT,
  `entry_id` int(11) unsigned NOT NULL,
  `handle` varchar(255) DEFAULT NULL,
  `value` varchar(255) DEFAULT NULL,
  PRIMARY KEY (`id`),
  KEY `entry_id` (`entry_id`),
  KEY `handle` (`handle`),
  KEY `value` (`value`)
) ENGINE=MyISAM AUTO_INCREMENT=18 DEFAULT CHARSET=utf8;

LOCK TABLES `sym_entries_data_68` WRITE;
/*!40000 ALTER TABLE `sym_entries_data_68` DISABLE KEYS */;
INSERT INTO `sym_entries_data_68` (`id`,`entry_id`,`handle`,`value`)
VALUES
	(17,74,'israel','Israel'),
	(12,75,NULL,NULL),
	(16,74,'events','Events'),
	(14,71,'events','Events'),
	(15,71,'womens','Women\'s');

/*!40000 ALTER TABLE `sym_entries_data_68` ENABLE KEYS */;
UNLOCK TABLES;


# Dump of table sym_entries_data_69
# ------------------------------------------------------------

DROP TABLE IF EXISTS `sym_entries_data_69`;

CREATE TABLE `sym_entries_data_69` (
  `id` int(11) unsigned NOT NULL AUTO_INCREMENT,
  `entry_id` int(11) unsigned NOT NULL,
  `handle` varchar(255) DEFAULT NULL,
  `value` varchar(255) DEFAULT NULL,
  PRIMARY KEY (`id`),
  UNIQUE KEY `entry_id` (`entry_id`),
  KEY `handle` (`handle`),
  KEY `value` (`value`)
) ENGINE=MyISAM AUTO_INCREMENT=8 DEFAULT CHARSET=utf8;

LOCK TABLES `sym_entries_data_69` WRITE;
/*!40000 ALTER TABLE `sym_entries_data_69` DISABLE KEYS */;
INSERT INTO `sym_entries_data_69` (`id`,`entry_id`,`handle`,`value`)
VALUES
	(6,76,'accfmexicomissiontrip','accfmexicomissiontrip'),
	(7,105,'atheyinisrael','atheyinisrael');

/*!40000 ALTER TABLE `sym_entries_data_69` ENABLE KEYS */;
UNLOCK TABLES;


# Dump of table sym_entries_data_7
# ------------------------------------------------------------

DROP TABLE IF EXISTS `sym_entries_data_7`;

CREATE TABLE `sym_entries_data_7` (
  `id` int(11) unsigned NOT NULL AUTO_INCREMENT,
  `entry_id` int(11) unsigned NOT NULL,
  `handle` varchar(255) DEFAULT NULL,
  `value` varchar(255) DEFAULT NULL,
  PRIMARY KEY (`id`),
  KEY `entry_id` (`entry_id`),
  KEY `handle` (`handle`),
  KEY `value` (`value`)
) ENGINE=MyISAM DEFAULT CHARSET=utf8;



# Dump of table sym_entries_data_70
# ------------------------------------------------------------

DROP TABLE IF EXISTS `sym_entries_data_70`;

CREATE TABLE `sym_entries_data_70` (
  `id` int(11) unsigned NOT NULL AUTO_INCREMENT,
  `entry_id` int(11) unsigned NOT NULL,
  `handle` varchar(255) DEFAULT NULL,
  `value` varchar(255) DEFAULT NULL,
  PRIMARY KEY (`id`),
  KEY `entry_id` (`entry_id`),
  KEY `handle` (`handle`),
  KEY `value` (`value`)
) ENGINE=MyISAM AUTO_INCREMENT=10 DEFAULT CHARSET=utf8;

LOCK TABLES `sym_entries_data_70` WRITE;
/*!40000 ALTER TABLE `sym_entries_data_70` DISABLE KEYS */;
INSERT INTO `sym_entries_data_70` (`id`,`entry_id`,`handle`,`value`)
VALUES
	(8,76,'mexico','Mexico'),
	(7,76,'home','Home'),
	(9,105,'israel','Israel');

/*!40000 ALTER TABLE `sym_entries_data_70` ENABLE KEYS */;
UNLOCK TABLES;


# Dump of table sym_entries_data_71
# ------------------------------------------------------------

DROP TABLE IF EXISTS `sym_entries_data_71`;

CREATE TABLE `sym_entries_data_71` (
  `id` int(11) unsigned NOT NULL AUTO_INCREMENT,
  `entry_id` int(11) unsigned NOT NULL,
  `value` text,
  `value_formatted` text,
  PRIMARY KEY (`id`),
  UNIQUE KEY `entry_id` (`entry_id`),
  FULLTEXT KEY `value` (`value`)
) ENGINE=MyISAM AUTO_INCREMENT=5 DEFAULT CHARSET=utf8;

LOCK TABLES `sym_entries_data_71` WRITE;
/*!40000 ALTER TABLE `sym_entries_data_71` DISABLE KEYS */;
INSERT INTO `sym_entries_data_71` (`id`,`entry_id`,`value`,`value_formatted`)
VALUES
	(2,81,'To help us keep the worship service orderly and free of disruptions, please turn off cell phones. If it becomes necessary to leave your seat in the middle of the service, please return to a seat near the back. In addition, we encourage you to utilize the provided childcare for babies and young children. All of this is in place to ensure that people are able to be spiritually fed without distraction. If you need assistance in any way, please see one of our deacons standing in the back.','<p>To help us keep the worship service orderly and free of disruptions, please turn off cell phones. If it becomes necessary to leave your seat in the middle of the service, please return to a seat near the back. In addition, we encourage you to utilize the provided childcare for babies and young children. All of this is in place to ensure that people are able to be spiritually fed without distraction. If you need assistance in any way, please see one of our deacons standing in the back.</p>\n'),
	(3,100,'If you have any questions, please call our church office at (971) 327-2120','<p>If you have any questions, please call our church office at (971) 327-2120</p>\n');

/*!40000 ALTER TABLE `sym_entries_data_71` ENABLE KEYS */;
UNLOCK TABLES;


# Dump of table sym_entries_data_72
# ------------------------------------------------------------

DROP TABLE IF EXISTS `sym_entries_data_72`;

CREATE TABLE `sym_entries_data_72` (
  `id` int(11) unsigned NOT NULL AUTO_INCREMENT,
  `entry_id` int(11) unsigned NOT NULL,
  `handle` varchar(255) DEFAULT NULL,
  `value` varchar(255) DEFAULT NULL,
  PRIMARY KEY (`id`),
  KEY `entry_id` (`entry_id`),
  KEY `handle` (`handle`),
  KEY `value` (`value`)
) ENGINE=MyISAM AUTO_INCREMENT=6 DEFAULT CHARSET=utf8;

LOCK TABLES `sym_entries_data_72` WRITE;
/*!40000 ALTER TABLE `sym_entries_data_72` DISABLE KEYS */;
INSERT INTO `sym_entries_data_72` (`id`,`entry_id`,`handle`,`value`)
VALUES
	(2,81,'saturday-night','Saturday night'),
	(3,81,'sunday-morning','Sunday morning'),
	(4,100,'online-giving','Online giving');

/*!40000 ALTER TABLE `sym_entries_data_72` ENABLE KEYS */;
UNLOCK TABLES;


# Dump of table sym_entries_data_73
# ------------------------------------------------------------

DROP TABLE IF EXISTS `sym_entries_data_73`;

CREATE TABLE `sym_entries_data_73` (
  `id` int(11) unsigned NOT NULL AUTO_INCREMENT,
  `entry_id` int(11) unsigned NOT NULL,
  `handle` varchar(255) DEFAULT NULL,
  `value` varchar(255) DEFAULT NULL,
  PRIMARY KEY (`id`),
  UNIQUE KEY `entry_id` (`entry_id`),
  KEY `handle` (`handle`),
  KEY `value` (`value`)
) ENGINE=MyISAM AUTO_INCREMENT=44 DEFAULT CHARSET=utf8;

LOCK TABLES `sym_entries_data_73` WRITE;
/*!40000 ALTER TABLE `sym_entries_data_73` DISABLE KEYS */;
INSERT INTO `sym_entries_data_73` (`id`,`entry_id`,`handle`,`value`)
VALUES
	(3,90,'bulletin-board','Bulletin board'),
	(35,91,'athey-community','Athey community'),
	(4,27,'women-s-ministry','Womens ministry'),
	(41,28,'college-and-career-ministry','College and Career ministry'),
	(42,31,'childrens-ministry','Children\'s ministry'),
	(43,30,'junior-high-ministry','Junior High ministry'),
	(9,29,'high-school-ministry','High School ministry'),
	(10,84,'sunday-night-celebration','Sunday night celebration'),
	(11,85,'wednesday-night-through-the-bible-study','Wednesday night through-the-Bible study'),
	(12,77,'villahermosa-mexico','Villahermosa, Mexico'),
	(23,54,'natanara-christian-fellowship','Natanara Christian Fellowship'),
	(31,56,'fanafo-christian-fellowship','Fanafo Christian Fellowship'),
	(29,46,'the-islands-of-vanuatu','The Islands of Vanuatu'),
	(16,50,'ouagadougou-burkina-faso','Ouagadougou, Burkina Faso'),
	(17,49,'lima-peru','Lima, Peru'),
	(18,47,'kampala-uganda','Kampala, Uganda'),
	(19,48,'holsbybrunn-sweden','Holsbybrunn, Sweden'),
	(40,98,'online-giving','Online giving'),
	(38,102,'contact-us','Contact us'),
	(37,114,'about-athey','About Athey'),
	(36,22,'welcome','Welcome');

/*!40000 ALTER TABLE `sym_entries_data_73` ENABLE KEYS */;
UNLOCK TABLES;


# Dump of table sym_entries_data_74
# ------------------------------------------------------------

DROP TABLE IF EXISTS `sym_entries_data_74`;

CREATE TABLE `sym_entries_data_74` (
  `id` int(11) unsigned NOT NULL AUTO_INCREMENT,
  `entry_id` int(11) unsigned NOT NULL,
  `handle` varchar(255) DEFAULT NULL,
  `value` varchar(255) DEFAULT NULL,
  PRIMARY KEY (`id`),
  UNIQUE KEY `entry_id` (`entry_id`),
  KEY `handle` (`handle`),
  KEY `value` (`value`)
) ENGINE=MyISAM AUTO_INCREMENT=3 DEFAULT CHARSET=utf8;

LOCK TABLES `sym_entries_data_74` WRITE;
/*!40000 ALTER TABLE `sym_entries_data_74` DISABLE KEYS */;
INSERT INTO `sym_entries_data_74` (`id`,`entry_id`,`handle`,`value`)
VALUES
	(2,110,'17814530','17.814530');

/*!40000 ALTER TABLE `sym_entries_data_74` ENABLE KEYS */;
UNLOCK TABLES;


# Dump of table sym_entries_data_75
# ------------------------------------------------------------

DROP TABLE IF EXISTS `sym_entries_data_75`;

CREATE TABLE `sym_entries_data_75` (
  `id` int(11) unsigned NOT NULL AUTO_INCREMENT,
  `entry_id` int(11) unsigned NOT NULL,
  `handle` varchar(255) DEFAULT NULL,
  `value` varchar(255) DEFAULT NULL,
  PRIMARY KEY (`id`),
  UNIQUE KEY `entry_id` (`entry_id`),
  KEY `handle` (`handle`),
  KEY `value` (`value`)
) ENGINE=MyISAM AUTO_INCREMENT=3 DEFAULT CHARSET=utf8;

LOCK TABLES `sym_entries_data_75` WRITE;
/*!40000 ALTER TABLE `sym_entries_data_75` DISABLE KEYS */;
INSERT INTO `sym_entries_data_75` (`id`,`entry_id`,`handle`,`value`)
VALUES
	(2,110,'92923445','-92.923445');

/*!40000 ALTER TABLE `sym_entries_data_75` ENABLE KEYS */;
UNLOCK TABLES;


# Dump of table sym_entries_data_76
# ------------------------------------------------------------

DROP TABLE IF EXISTS `sym_entries_data_76`;

CREATE TABLE `sym_entries_data_76` (
  `id` int(11) unsigned NOT NULL AUTO_INCREMENT,
  `entry_id` int(11) unsigned NOT NULL,
  `handle` varchar(255) DEFAULT NULL,
  `value` varchar(255) DEFAULT NULL,
  PRIMARY KEY (`id`),
  KEY `entry_id` (`entry_id`),
  KEY `handle` (`handle`),
  KEY `value` (`value`)
) ENGINE=MyISAM AUTO_INCREMENT=4 DEFAULT CHARSET=utf8;

LOCK TABLES `sym_entries_data_76` WRITE;
/*!40000 ALTER TABLE `sym_entries_data_76` DISABLE KEYS */;
INSERT INTO `sym_entries_data_76` (`id`,`entry_id`,`handle`,`value`)
VALUES
	(1,110,'mexico','Mexico'),
	(3,68,NULL,NULL);

/*!40000 ALTER TABLE `sym_entries_data_76` ENABLE KEYS */;
UNLOCK TABLES;


# Dump of table sym_entries_data_77
# ------------------------------------------------------------

DROP TABLE IF EXISTS `sym_entries_data_77`;

CREATE TABLE `sym_entries_data_77` (
  `id` int(11) unsigned NOT NULL AUTO_INCREMENT,
  `entry_id` int(11) unsigned NOT NULL,
  `handle` varchar(255) DEFAULT NULL,
  `value` varchar(255) DEFAULT NULL,
  PRIMARY KEY (`id`),
  KEY `entry_id` (`entry_id`),
  KEY `handle` (`handle`),
  KEY `value` (`value`)
) ENGINE=MyISAM AUTO_INCREMENT=4 DEFAULT CHARSET=utf8;

LOCK TABLES `sym_entries_data_77` WRITE;
/*!40000 ALTER TABLE `sym_entries_data_77` DISABLE KEYS */;
INSERT INTO `sym_entries_data_77` (`id`,`entry_id`,`handle`,`value`)
VALUES
	(3,113,'home','Home');

/*!40000 ALTER TABLE `sym_entries_data_77` ENABLE KEYS */;
UNLOCK TABLES;


# Dump of table sym_entries_data_8
# ------------------------------------------------------------

DROP TABLE IF EXISTS `sym_entries_data_8`;

CREATE TABLE `sym_entries_data_8` (
  `id` int(11) unsigned NOT NULL AUTO_INCREMENT,
  `entry_id` int(11) unsigned NOT NULL,
  `handle` varchar(255) DEFAULT NULL,
  `value` varchar(255) DEFAULT NULL,
  PRIMARY KEY (`id`),
  KEY `entry_id` (`entry_id`),
  KEY `handle` (`handle`),
  KEY `value` (`value`)
) ENGINE=MyISAM AUTO_INCREMENT=5 DEFAULT CHARSET=utf8;

LOCK TABLES `sym_entries_data_8` WRITE;
/*!40000 ALTER TABLE `sym_entries_data_8` DISABLE KEYS */;
INSERT INTO `sym_entries_data_8` (`id`,`entry_id`,`handle`,`value`)
VALUES
	(3,1,'kirk-strobeckcom','kirk@strobeck.com'),
	(4,3,'kirk-strobeckcom','kirk@strobeck.com');

/*!40000 ALTER TABLE `sym_entries_data_8` ENABLE KEYS */;
UNLOCK TABLES;


# Dump of table sym_extensions
# ------------------------------------------------------------

DROP TABLE IF EXISTS `sym_extensions`;

CREATE TABLE `sym_extensions` (
  `id` int(11) NOT NULL AUTO_INCREMENT,
  `name` varchar(255) NOT NULL DEFAULT '',
  `status` enum('enabled','disabled') NOT NULL DEFAULT 'enabled',
  `version` varchar(20) NOT NULL,
  PRIMARY KEY (`id`),
  KEY `name` (`name`)
) ENGINE=MyISAM AUTO_INCREMENT=38 DEFAULT CHARSET=utf8;

LOCK TABLES `sym_extensions` WRITE;
/*!40000 ALTER TABLE `sym_extensions` DISABLE KEYS */;
INSERT INTO `sym_extensions` (`id`,`name`,`status`,`version`)
VALUES
	(1,'asdc','enabled','1.3'),
	(2,'debugdevkit','enabled','1.1'),
	(37,'members','enabled','1.0 Beta 3'),
	(5,'profiledevkit','enabled','1.0.4'),
	(9,'smtp_email_library','enabled','1.1'),
	(25,'tweak_ui','enabled','0.1.2'),
	(11,'systemidfield','enabled','1.0.2'),
	(12,'reflectionfield','enabled','1.0.9'),
	(13,'jit_image_manipulation','enabled','1.10'),
	(18,'markdown','enabled','1.13'),
	(15,'uniqueuploadfield','enabled','1.2'),
	(19,'root_page_params','enabled','1.2'),
	(24,'neatify','enabled','1.0.1'),
	(26,'order_entries','enabled','1.8'),
	(29,'html5_doctype','enabled','1.2.4'),
	(30,'xssfilter','enabled','1.0'),
	(31,'datetime','enabled','2.0RC1'),
	(32,'export_ensemble','enabled','1.13'),
	(33,'selectbox_link_field','enabled','1.19'),
	(34,'maintenance_mode','enabled','1.4'),
	(35,'subsectionmanager','enabled','1.1.1'),
	(36,'xmlimporter','enabled','1.0.0');

/*!40000 ALTER TABLE `sym_extensions` ENABLE KEYS */;
UNLOCK TABLES;


# Dump of table sym_extensions_delegates
# ------------------------------------------------------------

DROP TABLE IF EXISTS `sym_extensions_delegates`;

CREATE TABLE `sym_extensions_delegates` (
  `id` int(11) unsigned NOT NULL AUTO_INCREMENT,
  `extension_id` int(11) NOT NULL,
  `page` varchar(100) NOT NULL,
  `delegate` varchar(100) NOT NULL,
  `callback` varchar(100) NOT NULL,
  PRIMARY KEY (`id`),
  KEY `extension_id` (`extension_id`),
  KEY `page` (`page`),
  KEY `delegate` (`delegate`)
) ENGINE=MyISAM AUTO_INCREMENT=186 DEFAULT CHARSET=utf8;

LOCK TABLES `sym_extensions_delegates` WRITE;
/*!40000 ALTER TABLE `sym_extensions_delegates` DISABLE KEYS */;
INSERT INTO `sym_extensions_delegates` (`id`,`extension_id`,`page`,`delegate`,`callback`)
VALUES
	(138,2,'/frontend/','ManipulateDevKitNavigation','manipulateDevKitNavigation'),
	(137,2,'/frontend/','FrontendDevKitResolve','frontendDevKitResolve'),
	(160,37,'/system/preferences/','Save','savePreferences'),
	(159,37,'/system/preferences/','AddCustomPreferenceFieldsets','appendPreferences'),
	(168,5,'/frontend/','ManipulateDevKitNavigation','manipulateDevKitNavigation'),
	(167,5,'/frontend/','FrontendDevKitResolve','frontendDevKitResolve'),
	(158,37,'/backend/','AdminPagePreGenerate','appendAssets'),
	(157,37,'/frontend/','EventPostSaveFilter','processPostSaveFilter'),
	(177,9,'/blueprints/events/edit/','AppendEventFilterDocumentation','cbAppendEventFilterDocumentation'),
	(176,9,'/blueprints/events/new/','AppendEventFilterDocumentation','cbAppendEventFilterDocumentation'),
	(175,9,'/blueprints/events/edit/','AppendEventFilter','cbAddFilterToEventEditor'),
	(174,9,'/blueprints/events/new/','AppendEventFilter','cbAddFilterToEventEditor'),
	(173,9,'/system/preferences/','Save','cbSavePreferences'),
	(166,26,'/backend/','AppendElementBelowView','appendOrderFieldId'),
	(142,12,'/frontend/','EventPostSaveFilter','compileFrontendFields'),
	(141,12,'/publish/edit/','EntryPostEdit','compileBackendFields'),
	(140,12,'/publish/new/','EntryPostCreate','compileBackendFields'),
	(156,37,'/frontend/','EventPreSaveFilter','checkEventPermissions'),
	(170,19,'/system/preferences/','AddCustomPreferenceFieldsets','append_preferences'),
	(169,19,'/frontend/','FrontendPrePageResolve','addPage'),
	(165,26,'/backend/','InitaliseAdminPageHead','appendScriptToHead'),
	(143,29,'/frontend/','FrontendOutputPostGenerate','parse_html'),
	(135,30,'/blueprints/events/edit/','AppendEventFilter','appendEventFilter'),
	(134,30,'/blueprints/events/new/','AppendEventFilter','appendEventFilter'),
	(139,32,'/system/preferences/','AddCustomPreferenceFieldsets','appendPreferences'),
	(144,13,'/system/preferences/','AddCustomPreferenceFieldsets','appendPreferences'),
	(150,34,'/blueprints/pages/','AppendPageContent','__appendType'),
	(149,34,'/backend/','AppendPageAlert','__appendAlert'),
	(148,34,'/system/preferences/','CustomActions','__toggleMaintenanceMode'),
	(147,34,'/system/preferences/','Save','__SavePreferences'),
	(146,34,'/system/preferences/','AddCustomPreferenceFieldsets','appendPreferences'),
	(155,37,'/frontend/','FrontendProcessEvents','appendLoginStatusToEventXML'),
	(164,24,'/system/preferences/','AddCustomPreferenceFieldsets','addCustomPreferenceFieldsets'),
	(163,24,'/backend/','InitaliseAdminPageHead','initaliseAdminPageHead'),
	(172,9,'/system/preferences/','AddCustomPreferenceFieldsets','cbAppendPreferences'),
	(182,35,'/publish/','Delete','__deleteSortOrder'),
	(181,35,'/publish/edit/','EntryPostEdit','__saveSortOrder'),
	(180,35,'/publish/new/','EntryPostNew','__saveSortOrder'),
	(179,35,'/administration/','AdminPagePreGenerate','__appendAssets'),
	(185,36,'/backend/','InitaliseAdminPageHead','initializeAdmin'),
	(154,37,'/frontend/','FrontendParamsResolve','addMemberDetailsToPageParams'),
	(153,37,'/frontend/','FrontendPageResolved','checkFrontendPagePermissions'),
	(136,30,'/frontend/','EventPreSaveFilter','eventPreSaveFilter'),
	(145,13,'/system/preferences/','Save','__SavePreferences'),
	(151,34,'/frontend/','FrontendPrePageResolve','__checkForMaintenanceMode'),
	(152,34,'/frontend/','FrontendParamsResolve','__addParam'),
	(161,37,'/blueprints/events/new/','AppendEventFilter','appendFilter'),
	(162,37,'/blueprints/events/edit/','AppendEventFilter','appendFilter'),
	(171,19,'/system/preferences/','Save','save_settings'),
	(178,9,'/frontend/','EventPostSaveFilter','cbSendEmailSMTPFilter'),
	(183,35,'/backend/','AppendPageAlert','__upgradeMediathek'),
	(184,25,'/backend/','InitaliseAdminPageHead','addScriptToHead');

/*!40000 ALTER TABLE `sym_extensions_delegates` ENABLE KEYS */;
UNLOCK TABLES;


# Dump of table sym_fields
# ------------------------------------------------------------

DROP TABLE IF EXISTS `sym_fields`;

CREATE TABLE `sym_fields` (
  `id` int(11) unsigned NOT NULL AUTO_INCREMENT,
  `label` varchar(255) NOT NULL,
  `element_name` varchar(50) NOT NULL,
  `type` varchar(32) NOT NULL,
  `parent_section` int(11) NOT NULL DEFAULT '0',
  `required` enum('yes','no') NOT NULL DEFAULT 'yes',
  `sortorder` int(11) NOT NULL DEFAULT '1',
  `location` enum('main','sidebar') NOT NULL DEFAULT 'main',
  `show_column` enum('yes','no') NOT NULL DEFAULT 'no',
  PRIMARY KEY (`id`),
  KEY `index` (`element_name`,`type`,`parent_section`)
) ENGINE=MyISAM AUTO_INCREMENT=78 DEFAULT CHARSET=utf8;

LOCK TABLES `sym_fields` WRITE;
/*!40000 ALTER TABLE `sym_fields` DISABLE KEYS */;
INSERT INTO `sym_fields` (`id`,`label`,`element_name`,`type`,`parent_section`,`required`,`sortorder`,`location`,`show_column`)
VALUES
	(34,'Promote','promote','checkbox',5,'no',2,'main','yes'),
	(39,'Tags','tags','select',7,'no',1,'main','yes'),
	(17,'Tag','tag','input',3,'yes',0,'main','yes'),
	(59,'Phone number','phone-number','input',12,'yes',0,'main','yes'),
	(36,'Text','text','textarea',6,'yes',0,'main','yes'),
	(46,'Description','description','input',9,'yes',0,'main','yes'),
	(31,'Galleries','galleries','select',4,'no',1,'main','yes'),
	(23,'Photo','photo','uniqueupload',4,'yes',0,'main','yes'),
	(38,'Verse','verse','input',7,'yes',0,'main','yes'),
	(26,'Description','description','input',4,'no',2,'main','yes'),
	(28,'Date added','date-added','date',5,'no',1,'main','yes'),
	(29,'Name','name','input',5,'no',0,'main','yes'),
	(35,'Tags','tags','select',5,'no',3,'main','yes'),
	(37,'Tags','tags','select',6,'no',1,'main','yes'),
	(41,'Name','name','input',8,'yes',0,'main','yes'),
	(42,'File','file','uniqueupload',8,'yes',1,'main','yes'),
	(43,'Description','description','textarea',8,'no',2,'main','yes'),
	(44,'Tags','tags','select',8,'no',3,'sidebar','yes'),
	(45,'Parents','parents','select',3,'no',2,'main','no'),
	(47,'URL','url','input',9,'yes',1,'main','yes'),
	(48,'Tags','tags','select',9,'no',2,'sidebar','yes'),
	(49,'Order','order','order_entries',3,'no',3,'main','no'),
	(50,'Name','name','input',10,'yes',0,'main','yes'),
	(51,'Notes','notes','textarea',10,'no',3,'sidebar','no'),
	(52,'Address','address','input',10,'no',4,'main','yes'),
	(53,'City','city','input',10,'no',5,'main','yes'),
	(54,'State','state','input',10,'no',6,'main','yes'),
	(55,'Zip','zip','input',10,'no',7,'main','yes'),
	(56,'Country','country','input',10,'no',8,'main','yes'),
	(57,'Name','name','input',11,'no',0,'main','yes'),
	(58,'Description','description','textarea',11,'yes',1,'main','yes'),
	(60,'Members','members','select',12,'no',2,'main','yes'),
	(61,'Locations','locations','select',12,'no',3,'main','yes'),
	(62,'Extension','extension','input',12,'no',1,'main','yes'),
	(63,'Locations','locations','select',11,'no',3,'main','yes'),
	(64,'Contacts','contacts','select',11,'no',4,'main','yes'),
	(65,'Childcare','childcare','checkbox',11,'no',5,'sidebar','yes'),
	(67,'Weekly','weekly','select',11,'no',2,'main','yes'),
	(68,'Tags','tags','select',11,'no',6,'sidebar','no'),
	(69,'URL','url','input',13,'yes',0,'main','yes'),
	(70,'Tags','tags','select',13,'no',1,'main','yes'),
	(71,'Text','text','textarea',14,'yes',0,'main','yes'),
	(72,'Tags','tags','select',14,'no',1,'main','yes'),
	(73,'Title','title','input',3,'no',1,'main','yes'),
	(74,'Latitude','latitude','input',10,'no',1,'sidebar','yes'),
	(75,'Longitude','longitude','input',10,'no',2,'sidebar','yes'),
	(76,'Tags','tags','select',10,'no',9,'main','no'),
	(77,'Tags','tags','select',15,'no',0,'main','no');

/*!40000 ALTER TABLE `sym_fields` ENABLE KEYS */;
UNLOCK TABLES;


# Dump of table sym_fields_author
# ------------------------------------------------------------

DROP TABLE IF EXISTS `sym_fields_author`;

CREATE TABLE `sym_fields_author` (
  `id` int(11) unsigned NOT NULL AUTO_INCREMENT,
  `field_id` int(11) unsigned NOT NULL,
  `allow_author_change` enum('yes','no') NOT NULL,
  `allow_multiple_selection` enum('yes','no') NOT NULL DEFAULT 'no',
  `default_to_current_user` enum('yes','no') NOT NULL,
  PRIMARY KEY (`id`),
  UNIQUE KEY `field_id` (`field_id`)
) ENGINE=MyISAM DEFAULT CHARSET=utf8;



# Dump of table sym_fields_checkbox
# ------------------------------------------------------------

DROP TABLE IF EXISTS `sym_fields_checkbox`;

CREATE TABLE `sym_fields_checkbox` (
  `id` int(11) unsigned NOT NULL AUTO_INCREMENT,
  `field_id` int(11) unsigned NOT NULL,
  `default_state` enum('on','off') NOT NULL DEFAULT 'on',
  `description` varchar(255) DEFAULT NULL,
  PRIMARY KEY (`id`),
  KEY `field_id` (`field_id`)
) ENGINE=MyISAM AUTO_INCREMENT=21 DEFAULT CHARSET=utf8;

LOCK TABLES `sym_fields_checkbox` WRITE;
/*!40000 ALTER TABLE `sym_fields_checkbox` DISABLE KEYS */;
INSERT INTO `sym_fields_checkbox` (`id`,`field_id`,`default_state`,`description`)
VALUES
	(9,34,'off',NULL),
	(20,65,'off',NULL);

/*!40000 ALTER TABLE `sym_fields_checkbox` ENABLE KEYS */;
UNLOCK TABLES;


# Dump of table sym_fields_date
# ------------------------------------------------------------

DROP TABLE IF EXISTS `sym_fields_date`;

CREATE TABLE `sym_fields_date` (
  `id` int(11) unsigned NOT NULL AUTO_INCREMENT,
  `field_id` int(11) unsigned NOT NULL,
  `pre_populate` enum('yes','no') NOT NULL DEFAULT 'no',
  PRIMARY KEY (`id`),
  KEY `field_id` (`field_id`)
) ENGINE=MyISAM AUTO_INCREMENT=41 DEFAULT CHARSET=utf8;

LOCK TABLES `sym_fields_date` WRITE;
/*!40000 ALTER TABLE `sym_fields_date` DISABLE KEYS */;
INSERT INTO `sym_fields_date` (`id`,`field_id`,`pre_populate`)
VALUES
	(38,28,'yes');

/*!40000 ALTER TABLE `sym_fields_date` ENABLE KEYS */;
UNLOCK TABLES;


# Dump of table sym_fields_datetime
# ------------------------------------------------------------

DROP TABLE IF EXISTS `sym_fields_datetime`;

CREATE TABLE `sym_fields_datetime` (
  `id` int(11) unsigned NOT NULL AUTO_INCREMENT,
  `field_id` int(11) unsigned NOT NULL,
  `prepopulate` tinyint(1) DEFAULT '1',
  `time` tinyint(1) DEFAULT '1',
  PRIMARY KEY (`id`),
  KEY `field_id` (`field_id`)
) ENGINE=MyISAM DEFAULT CHARSET=utf8;



# Dump of table sym_fields_input
# ------------------------------------------------------------

DROP TABLE IF EXISTS `sym_fields_input`;

CREATE TABLE `sym_fields_input` (
  `id` int(11) unsigned NOT NULL AUTO_INCREMENT,
  `field_id` int(11) unsigned NOT NULL,
  `validator` varchar(255) CHARACTER SET utf8 COLLATE utf8_unicode_ci DEFAULT NULL,
  PRIMARY KEY (`id`),
  KEY `field_id` (`field_id`)
) ENGINE=MyISAM AUTO_INCREMENT=161 DEFAULT CHARSET=utf8;

LOCK TABLES `sym_fields_input` WRITE;
/*!40000 ALTER TABLE `sym_fields_input` DISABLE KEYS */;
INSERT INTO `sym_fields_input` (`id`,`field_id`,`validator`)
VALUES
	(134,17,NULL),
	(71,26,NULL),
	(73,29,NULL),
	(59,38,NULL),
	(65,41,NULL),
	(84,46,NULL),
	(85,47,'/^[^\\s:\\/?#]+:(?:\\/{2,3})?[^\\s.\\/?#]+(?:\\.[^\\s.\\/?#]+)*(?:\\/[^\\s?#]*\\??[^\\s?#]*(#[^\\s#]*)?)?$/'),
	(153,50,NULL),
	(156,52,NULL),
	(157,53,NULL),
	(158,54,NULL),
	(159,55,NULL),
	(160,56,NULL),
	(136,57,NULL),
	(118,59,NULL),
	(119,62,NULL),
	(131,69,NULL),
	(135,73,NULL),
	(154,74,NULL),
	(155,75,NULL);

/*!40000 ALTER TABLE `sym_fields_input` ENABLE KEYS */;
UNLOCK TABLES;


# Dump of table sym_fields_member
# ------------------------------------------------------------

DROP TABLE IF EXISTS `sym_fields_member`;

CREATE TABLE `sym_fields_member` (
  `id` int(11) unsigned NOT NULL AUTO_INCREMENT,
  `field_id` int(11) unsigned NOT NULL,
  PRIMARY KEY (`id`),
  UNIQUE KEY `field_id` (`field_id`)
) ENGINE=MyISAM AUTO_INCREMENT=13 DEFAULT CHARSET=utf8;



# Dump of table sym_fields_memberlink
# ------------------------------------------------------------

DROP TABLE IF EXISTS `sym_fields_memberlink`;

CREATE TABLE `sym_fields_memberlink` (
  `id` int(11) unsigned NOT NULL AUTO_INCREMENT,
  `field_id` int(11) unsigned NOT NULL,
  `allow_multiple` enum('yes','no') NOT NULL DEFAULT 'no',
  PRIMARY KEY (`id`),
  UNIQUE KEY `field_id` (`field_id`)
) ENGINE=MyISAM AUTO_INCREMENT=10 DEFAULT CHARSET=utf8;



# Dump of table sym_fields_memberrole
# ------------------------------------------------------------

DROP TABLE IF EXISTS `sym_fields_memberrole`;

CREATE TABLE `sym_fields_memberrole` (
  `id` int(11) unsigned NOT NULL AUTO_INCREMENT,
  `field_id` int(11) unsigned NOT NULL,
  PRIMARY KEY (`id`),
  UNIQUE KEY `field_id` (`field_id`)
) ENGINE=MyISAM AUTO_INCREMENT=13 DEFAULT CHARSET=utf8;



# Dump of table sym_fields_order_entries
# ------------------------------------------------------------

DROP TABLE IF EXISTS `sym_fields_order_entries`;

CREATE TABLE `sym_fields_order_entries` (
  `id` int(11) unsigned NOT NULL AUTO_INCREMENT,
  `field_id` int(11) unsigned NOT NULL,
  `force_sort` enum('yes','no') DEFAULT 'no',
  `hide` enum('yes','no') DEFAULT 'no',
  PRIMARY KEY (`id`),
  UNIQUE KEY `field_id` (`field_id`)
) ENGINE=MyISAM AUTO_INCREMENT=5 DEFAULT CHARSET=utf8;

LOCK TABLES `sym_fields_order_entries` WRITE;
/*!40000 ALTER TABLE `sym_fields_order_entries` DISABLE KEYS */;
INSERT INTO `sym_fields_order_entries` (`id`,`field_id`,`force_sort`,`hide`)
VALUES
	(4,49,'yes','yes');

/*!40000 ALTER TABLE `sym_fields_order_entries` ENABLE KEYS */;
UNLOCK TABLES;


# Dump of table sym_fields_reflection
# ------------------------------------------------------------

DROP TABLE IF EXISTS `sym_fields_reflection`;

CREATE TABLE `sym_fields_reflection` (
  `id` int(11) unsigned NOT NULL AUTO_INCREMENT,
  `field_id` int(11) unsigned NOT NULL,
  `expression` varchar(255) DEFAULT NULL,
  `formatter` varchar(255) DEFAULT NULL,
  `override` enum('yes','no') DEFAULT 'no',
  `hide` enum('yes','no') DEFAULT 'no',
  PRIMARY KEY (`id`),
  KEY `field_id` (`field_id`)
) ENGINE=MyISAM AUTO_INCREMENT=8 DEFAULT CHARSET=utf8;



# Dump of table sym_fields_select
# ------------------------------------------------------------

DROP TABLE IF EXISTS `sym_fields_select`;

CREATE TABLE `sym_fields_select` (
  `id` int(11) unsigned NOT NULL AUTO_INCREMENT,
  `field_id` int(11) unsigned NOT NULL,
  `allow_multiple_selection` enum('yes','no') NOT NULL DEFAULT 'no',
  `static_options` text CHARACTER SET utf8 COLLATE utf8_unicode_ci,
  `dynamic_options` int(11) unsigned DEFAULT NULL,
  `show_association` enum('yes','no') CHARACTER SET utf8 COLLATE utf8_unicode_ci NOT NULL DEFAULT 'yes',
  `sort_options` enum('yes','no') CHARACTER SET utf8 COLLATE utf8_unicode_ci NOT NULL DEFAULT 'no',
  PRIMARY KEY (`id`),
  KEY `field_id` (`field_id`)
) ENGINE=MyISAM AUTO_INCREMENT=86 DEFAULT CHARSET=utf8;

LOCK TABLES `sym_fields_select` WRITE;
/*!40000 ALTER TABLE `sym_fields_select` DISABLE KEYS */;
INSERT INTO `sym_fields_select` (`id`,`field_id`,`allow_multiple_selection`,`static_options`,`dynamic_options`,`show_association`,`sort_options`)
VALUES
	(53,60,'yes',NULL,14,'yes','no'),
	(30,37,'yes',NULL,17,'yes','no'),
	(40,31,'yes',NULL,29,'yes','no'),
	(41,35,'yes',NULL,17,'yes','no'),
	(32,39,'yes',NULL,17,'yes','no'),
	(37,44,'yes',NULL,17,'yes','no'),
	(79,45,'yes',NULL,17,'yes','no'),
	(44,48,'yes',NULL,17,'yes','no'),
	(54,61,'yes',NULL,50,'yes','no'),
	(81,63,'yes',NULL,50,'yes','no'),
	(82,64,'yes',NULL,14,'yes','no'),
	(80,67,'yes','Monday, Tuesday, Wednesday, Thursday, Friday, Saturday, Sunday',NULL,'yes','no'),
	(83,68,'yes',NULL,17,'yes','no'),
	(75,70,'yes',NULL,17,'yes','no'),
	(77,72,'yes',NULL,17,'yes','no'),
	(84,76,'yes',NULL,17,'yes','no'),
	(85,77,'yes',NULL,17,'yes','no');

/*!40000 ALTER TABLE `sym_fields_select` ENABLE KEYS */;
UNLOCK TABLES;


# Dump of table sym_fields_selectbox_link
# ------------------------------------------------------------

DROP TABLE IF EXISTS `sym_fields_selectbox_link`;

CREATE TABLE `sym_fields_selectbox_link` (
  `id` int(11) unsigned NOT NULL AUTO_INCREMENT,
  `field_id` int(11) unsigned NOT NULL,
  `allow_multiple_selection` enum('yes','no') NOT NULL DEFAULT 'no',
  `show_association` enum('yes','no') NOT NULL DEFAULT 'yes',
  `related_field_id` varchar(255) NOT NULL,
  `limit` int(4) unsigned NOT NULL DEFAULT '20',
  PRIMARY KEY (`id`),
  KEY `field_id` (`field_id`)
) ENGINE=MyISAM DEFAULT CHARSET=utf8;



# Dump of table sym_fields_stage
# ------------------------------------------------------------

DROP TABLE IF EXISTS `sym_fields_stage`;

CREATE TABLE `sym_fields_stage` (
  `id` int(11) unsigned NOT NULL AUTO_INCREMENT,
  `field_id` int(11) unsigned NOT NULL DEFAULT '0',
  `constructable` smallint(1) DEFAULT '0',
  `destructable` smallint(1) DEFAULT '0',
  `draggable` smallint(1) DEFAULT '0',
  `droppable` smallint(1) DEFAULT '0',
  `searchable` smallint(1) DEFAULT '0',
  `context` varchar(255) DEFAULT NULL,
  PRIMARY KEY (`id`)
) ENGINE=MyISAM AUTO_INCREMENT=3 DEFAULT CHARSET=utf8;



# Dump of table sym_fields_stage_sorting
# ------------------------------------------------------------

DROP TABLE IF EXISTS `sym_fields_stage_sorting`;

CREATE TABLE `sym_fields_stage_sorting` (
  `id` int(11) unsigned NOT NULL AUTO_INCREMENT,
  `entry_id` int(11) NOT NULL,
  `field_id` int(11) NOT NULL,
  `order` text,
  `context` varchar(255) DEFAULT NULL,
  PRIMARY KEY (`id`)
) ENGINE=MyISAM DEFAULT CHARSET=utf8;



# Dump of table sym_fields_subsectionmanager
# ------------------------------------------------------------

DROP TABLE IF EXISTS `sym_fields_subsectionmanager`;

CREATE TABLE `sym_fields_subsectionmanager` (
  `id` int(11) unsigned NOT NULL AUTO_INCREMENT,
  `field_id` int(11) unsigned NOT NULL,
  `subsection_id` varchar(255) NOT NULL,
  `filter_tags` text,
  `caption` text,
  `droptext` text,
  `included_fields` text,
  `allow_multiple` tinyint(1) DEFAULT '0',
  `show_preview` tinyint(1) DEFAULT '0',
  PRIMARY KEY (`id`),
  KEY `field_id` (`field_id`)
) ENGINE=MyISAM DEFAULT CHARSET=utf8;



# Dump of table sym_fields_systemid
# ------------------------------------------------------------

DROP TABLE IF EXISTS `sym_fields_systemid`;

CREATE TABLE `sym_fields_systemid` (
  `id` int(11) unsigned NOT NULL AUTO_INCREMENT,
  `field_id` int(11) unsigned NOT NULL,
  PRIMARY KEY (`id`),
  KEY `field_id` (`field_id`)
) ENGINE=MyISAM DEFAULT CHARSET=utf8;



# Dump of table sym_fields_taglist
# ------------------------------------------------------------

DROP TABLE IF EXISTS `sym_fields_taglist`;

CREATE TABLE `sym_fields_taglist` (
  `id` int(11) unsigned NOT NULL AUTO_INCREMENT,
  `field_id` int(11) unsigned NOT NULL,
  `validator` varchar(255) CHARACTER SET utf8 COLLATE utf8_unicode_ci DEFAULT NULL,
  `pre_populate_source` varchar(15) DEFAULT NULL,
  PRIMARY KEY (`id`),
  KEY `field_id` (`field_id`),
  KEY `pre_populate_source` (`pre_populate_source`)
) ENGINE=MyISAM DEFAULT CHARSET=utf8;



# Dump of table sym_fields_textarea
# ------------------------------------------------------------

DROP TABLE IF EXISTS `sym_fields_textarea`;

CREATE TABLE `sym_fields_textarea` (
  `id` int(11) unsigned NOT NULL AUTO_INCREMENT,
  `field_id` int(11) unsigned NOT NULL,
  `formatter` varchar(100) DEFAULT NULL,
  `size` int(3) unsigned NOT NULL,
  PRIMARY KEY (`id`),
  KEY `field_id` (`field_id`)
) ENGINE=MyISAM AUTO_INCREMENT=29 DEFAULT CHARSET=utf8;

LOCK TABLES `sym_fields_textarea` WRITE;
/*!40000 ALTER TABLE `sym_fields_textarea` DISABLE KEYS */;
INSERT INTO `sym_fields_textarea` (`id`,`field_id`,`formatter`,`size`)
VALUES
	(5,36,'markdown_extra_with_smartypants',15),
	(10,43,'markdown_extra_with_smartypants',15),
	(28,51,NULL,15),
	(25,58,'markdown_extra_with_smartypants',15),
	(24,71,'markdown_extra_with_smartypants',15);

/*!40000 ALTER TABLE `sym_fields_textarea` ENABLE KEYS */;
UNLOCK TABLES;


# Dump of table sym_fields_uniqueinput
# ------------------------------------------------------------

DROP TABLE IF EXISTS `sym_fields_uniqueinput`;

CREATE TABLE `sym_fields_uniqueinput` (
  `id` int(11) unsigned NOT NULL AUTO_INCREMENT,
  `field_id` int(11) unsigned NOT NULL,
  `validator` varchar(100) DEFAULT NULL,
  `auto_unique` enum('yes','no') NOT NULL DEFAULT 'no',
  PRIMARY KEY (`id`),
  KEY `field_id` (`field_id`)
) ENGINE=MyISAM DEFAULT CHARSET=utf8;



# Dump of table sym_fields_uniqueupload
# ------------------------------------------------------------

DROP TABLE IF EXISTS `sym_fields_uniqueupload`;

CREATE TABLE `sym_fields_uniqueupload` (
  `id` int(11) unsigned NOT NULL AUTO_INCREMENT,
  `field_id` int(11) unsigned NOT NULL,
  `destination` varchar(255) NOT NULL,
  `validator` varchar(50) DEFAULT NULL,
  PRIMARY KEY (`id`),
  KEY `field_id` (`field_id`)
) ENGINE=MyISAM AUTO_INCREMENT=26 DEFAULT CHARSET=utf8;

LOCK TABLES `sym_fields_uniqueupload` WRITE;
/*!40000 ALTER TABLE `sym_fields_uniqueupload` DISABLE KEYS */;
INSERT INTO `sym_fields_uniqueupload` (`id`,`field_id`,`destination`,`validator`)
VALUES
	(25,23,'/workspace/uploads/photos','/\\.(?:bmp|gif|jpe?g|png)$/i'),
	(24,42,'/workspace/uploads/files','/\\.(?:doc|pdf|rtf|txt)$/i');

/*!40000 ALTER TABLE `sym_fields_uniqueupload` ENABLE KEYS */;
UNLOCK TABLES;


# Dump of table sym_fields_upload
# ------------------------------------------------------------

DROP TABLE IF EXISTS `sym_fields_upload`;

CREATE TABLE `sym_fields_upload` (
  `id` int(11) unsigned NOT NULL AUTO_INCREMENT,
  `field_id` int(11) unsigned NOT NULL,
  `destination` varchar(255) NOT NULL,
  `validator` varchar(255) CHARACTER SET utf8 COLLATE utf8_unicode_ci DEFAULT NULL,
  PRIMARY KEY (`id`),
  KEY `field_id` (`field_id`)
) ENGINE=MyISAM DEFAULT CHARSET=utf8;



# Dump of table sym_forgotpass
# ------------------------------------------------------------

DROP TABLE IF EXISTS `sym_forgotpass`;

CREATE TABLE `sym_forgotpass` (
  `author_id` int(11) NOT NULL DEFAULT '0',
  `token` varchar(6) NOT NULL,
  `expiry` varchar(25) NOT NULL,
  PRIMARY KEY (`author_id`)
) ENGINE=MyISAM DEFAULT CHARSET=utf8;



# Dump of table sym_members_codes
# ------------------------------------------------------------

DROP TABLE IF EXISTS `sym_members_codes`;

CREATE TABLE `sym_members_codes` (
  `member_id` int(11) unsigned NOT NULL,
  `code` varchar(8) NOT NULL,
  `expiry` int(11) NOT NULL,
  PRIMARY KEY (`member_id`),
  KEY `code` (`code`)
) ENGINE=MyISAM DEFAULT CHARSET=utf8;

LOCK TABLES `sym_members_codes` WRITE;
/*!40000 ALTER TABLE `sym_members_codes` DISABLE KEYS */;
INSERT INTO `sym_members_codes` (`member_id`,`code`,`expiry`)
VALUES
	(1,'6f87d121',1297131208),
	(2,'35376ed1',1297131327),
	(3,'85b909d6',1297653875),
	(69,'39d01bad',1298414981);

/*!40000 ALTER TABLE `sym_members_codes` ENABLE KEYS */;
UNLOCK TABLES;


# Dump of table sym_members_email_templates
# ------------------------------------------------------------

DROP TABLE IF EXISTS `sym_members_email_templates`;

CREATE TABLE `sym_members_email_templates` (
  `id` int(11) unsigned NOT NULL AUTO_INCREMENT,
  `subject` varchar(255) NOT NULL,
  `body` longtext NOT NULL,
  `type` varchar(100) NOT NULL,
  PRIMARY KEY (`id`),
  KEY `type` (`type`)
) ENGINE=MyISAM AUTO_INCREMENT=9 DEFAULT CHARSET=utf8;

LOCK TABLES `sym_members_email_templates` WRITE;
/*!40000 ALTER TABLE `sym_members_email_templates` DISABLE KEYS */;
INSERT INTO `sym_members_email_templates` (`id`,`subject`,`body`,`type`)
VALUES
	(5,'Account Activation','Dear {$name},\r\n\r\nThanks for registering at {$site-name}!\r\n\r\nTo activate your account, head to {$root}/activate/{$code}\r\n\r\nThis code will expire in one hour, so if you miss your window, simply head to the link above and click \"Resend activation email\" to get a new one.\r\n\r\nIf you have problems activating your account, please get in touch with us using our contact form at {$root}/contact/ and we\'ll do our best to help.\r\n\r\nWe don\'t know you yet, but we can already tell that you\'ll be a wonderful addition to our growing community!\r\n\r\nRegards,\r\n\r\n---\r\nSymphony Team','activate-account'),
	(6,'Reset Password','Dear {$name},\r\n\r\nTo reset your password, please head over to: {$root}/reset-password/{$code}\r\n\r\nThe code will expire in one hour, so if you miss your window, head back to {$root}/reset-password/ and click the \"Resend Email\" button to generate a new reset key.\r\n\r\nIf you have any trouble, please get in touch with us via our contact form at {$root}/contact/ and we\'ll do our best to help.\r\n\r\nRegards,\r\n\r\n---\r\nSymphony Team','reset-password'),
	(7,'New password','Dear {$name},\r\n\r\nJust now, you have made a request for a new password. Here it is: {$new-password}\r\n\r\nThere\'s a good chance that you won\'t like this new password and would like to change it--that\'s okay, we\'re not offended.\r\n\r\nYou can do that once you\'re logged in by going to your member profile page.\r\n\r\nIf you have any trouble, please get in touch with us via our contact form at {$root}/contact/ and we\'ll do our best to help.\r\n\r\nRegards,\r\n\r\n---\r\nSymphony Team','new-password'),
	(8,'Membership Activated','Dear {$name},\r\n\r\nCongratulations on obtaining your citizenship! You are now a fully fledged member of the community.\r\n\r\nRegards,\r\n\r\n---\r\nSymphony Team','welcome');

/*!40000 ALTER TABLE `sym_members_email_templates` ENABLE KEYS */;
UNLOCK TABLES;


# Dump of table sym_members_email_templates_role_mapping
# ------------------------------------------------------------

DROP TABLE IF EXISTS `sym_members_email_templates_role_mapping`;

CREATE TABLE `sym_members_email_templates_role_mapping` (
  `id` int(11) unsigned NOT NULL AUTO_INCREMENT,
  `email_template_id` int(11) unsigned NOT NULL,
  `role_id` int(11) unsigned NOT NULL,
  PRIMARY KEY (`id`),
  KEY `email_template_id` (`email_template_id`,`role_id`)
) ENGINE=MyISAM AUTO_INCREMENT=12 DEFAULT CHARSET=utf8;

LOCK TABLES `sym_members_email_templates_role_mapping` WRITE;
/*!40000 ALTER TABLE `sym_members_email_templates_role_mapping` DISABLE KEYS */;
INSERT INTO `sym_members_email_templates_role_mapping` (`id`,`email_template_id`,`role_id`)
VALUES
	(11,5,2),
	(2,6,3),
	(3,6,4),
	(4,6,2),
	(5,7,4),
	(6,7,2),
	(7,7,3),
	(9,8,3),
	(10,8,4);

/*!40000 ALTER TABLE `sym_members_email_templates_role_mapping` ENABLE KEYS */;
UNLOCK TABLES;


# Dump of table sym_members_roles
# ------------------------------------------------------------

DROP TABLE IF EXISTS `sym_members_roles`;

CREATE TABLE `sym_members_roles` (
  `id` int(11) unsigned NOT NULL AUTO_INCREMENT,
  `name` varchar(255) NOT NULL,
  `handle` varchar(255) NOT NULL,
  PRIMARY KEY (`id`),
  UNIQUE KEY `handle` (`handle`)
) ENGINE=MyISAM AUTO_INCREMENT=2 DEFAULT CHARSET=utf8;

LOCK TABLES `sym_members_roles` WRITE;
/*!40000 ALTER TABLE `sym_members_roles` DISABLE KEYS */;
INSERT INTO `sym_members_roles` (`id`,`name`,`handle`)
VALUES
	(1,'Public','public');

/*!40000 ALTER TABLE `sym_members_roles` ENABLE KEYS */;
UNLOCK TABLES;


# Dump of table sym_members_roles_event_permissions
# ------------------------------------------------------------

DROP TABLE IF EXISTS `sym_members_roles_event_permissions`;

CREATE TABLE `sym_members_roles_event_permissions` (
  `id` int(11) unsigned NOT NULL AUTO_INCREMENT,
  `role_id` int(11) unsigned NOT NULL,
  `event` varchar(50) NOT NULL,
  `action` varchar(60) NOT NULL,
  `level` smallint(1) unsigned NOT NULL DEFAULT '0',
  PRIMARY KEY (`id`),
  KEY `role_id` (`role_id`,`event`,`action`)
) ENGINE=MyISAM DEFAULT CHARSET=utf8;



# Dump of table sym_members_roles_forbidden_pages
# ------------------------------------------------------------

DROP TABLE IF EXISTS `sym_members_roles_forbidden_pages`;

CREATE TABLE `sym_members_roles_forbidden_pages` (
  `id` int(11) unsigned NOT NULL AUTO_INCREMENT,
  `role_id` int(11) unsigned NOT NULL,
  `page_id` int(11) unsigned NOT NULL,
  PRIMARY KEY (`id`),
  KEY `role_id` (`role_id`,`page_id`)
) ENGINE=MyISAM DEFAULT CHARSET=utf8;



# Dump of table sym_pages
# ------------------------------------------------------------

DROP TABLE IF EXISTS `sym_pages`;

CREATE TABLE `sym_pages` (
  `id` int(11) unsigned NOT NULL AUTO_INCREMENT,
  `parent` int(11) DEFAULT NULL,
  `title` varchar(255) NOT NULL DEFAULT '',
  `handle` varchar(255) DEFAULT NULL,
  `path` varchar(255) DEFAULT NULL,
  `params` varchar(255) DEFAULT NULL,
  `data_sources` text CHARACTER SET utf8 COLLATE utf8_unicode_ci,
  `events` text CHARACTER SET utf8 COLLATE utf8_unicode_ci,
  `sortorder` int(11) NOT NULL DEFAULT '0',
  PRIMARY KEY (`id`),
  KEY `parent` (`parent`)
) ENGINE=MyISAM AUTO_INCREMENT=18 DEFAULT CHARSET=utf8;

LOCK TABLES `sym_pages` WRITE;
/*!40000 ALTER TABLE `sym_pages` DISABLE KEYS */;
INSERT INTO `sym_pages` (`id`,`parent`,`title`,`handle`,`path`,`params`,`data_sources`,`events`,`sortorder`)
VALUES
	(1,NULL,'Home','index',NULL,'tag','bible_verse_api,events,galleries,locations,locations_per_id,photos_per_gallery,tags,text,tips,tumblr,tumblr_api_ds,ustream_api,verses',NULL,0),
	(17,NULL,'Events','event',NULL,'event-id','bible_verse_api,event_per_id,locations,locations_per_id,tags,text,tips,ustream_api,verses',NULL,3),
	(9,NULL,'Forbidden','forbidden',NULL,NULL,NULL,NULL,2),
	(16,NULL,'Tumblr','tumblr',NULL,'tumblr/tumblr-entry','tags,tumblr,tumblr_api',NULL,1);

/*!40000 ALTER TABLE `sym_pages` ENABLE KEYS */;
UNLOCK TABLES;


# Dump of table sym_pages_types
# ------------------------------------------------------------

DROP TABLE IF EXISTS `sym_pages_types`;

CREATE TABLE `sym_pages_types` (
  `id` int(11) unsigned NOT NULL AUTO_INCREMENT,
  `page_id` int(11) unsigned NOT NULL,
  `type` varchar(50) NOT NULL,
  PRIMARY KEY (`id`),
  KEY `page_id` (`page_id`,`type`)
) ENGINE=MyISAM AUTO_INCREMENT=34 DEFAULT CHARSET=utf8;

LOCK TABLES `sym_pages_types` WRITE;
/*!40000 ALTER TABLE `sym_pages_types` DISABLE KEYS */;
INSERT INTO `sym_pages_types` (`id`,`page_id`,`type`)
VALUES
	(1,9,'403'),
	(33,1,'index');

/*!40000 ALTER TABLE `sym_pages_types` ENABLE KEYS */;
UNLOCK TABLES;


# Dump of table sym_sections
# ------------------------------------------------------------

DROP TABLE IF EXISTS `sym_sections`;

CREATE TABLE `sym_sections` (
  `id` int(11) unsigned NOT NULL AUTO_INCREMENT,
  `name` varchar(255) NOT NULL DEFAULT '',
  `handle` varchar(255) NOT NULL,
  `sortorder` int(11) NOT NULL DEFAULT '0',
  `entry_order` varchar(7) DEFAULT NULL,
  `entry_order_direction` enum('asc','desc') DEFAULT 'asc',
  `hidden` enum('yes','no') NOT NULL DEFAULT 'no',
  `navigation_group` varchar(255) NOT NULL DEFAULT 'Content',
  PRIMARY KEY (`id`),
  UNIQUE KEY `handle` (`handle`)
) ENGINE=MyISAM AUTO_INCREMENT=16 DEFAULT CHARSET=utf8;

LOCK TABLES `sym_sections` WRITE;
/*!40000 ALTER TABLE `sym_sections` DISABLE KEYS */;
INSERT INTO `sym_sections` (`id`,`name`,`handle`,`sortorder`,`entry_order`,`entry_order_direction`,`hidden`,`navigation_group`)
VALUES
	(3,'Tags','tags',0,'49','asc','no','Groups'),
	(4,'Photos','photos',3,NULL,'asc','no','Content'),
	(5,'Galleries','galleries',1,NULL,'asc','no','Groups'),
	(6,'Text','text',2,NULL,'asc','no','Content'),
	(7,'Verses','verses',5,NULL,'asc','no','Content'),
	(8,'Files','files',4,NULL,'asc','no','Content'),
	(9,'Links','links',6,NULL,'asc','no','Content'),
	(10,'Locations','locations',7,NULL,'asc','no','Content'),
	(11,'Events','events',8,NULL,'asc','no','Content'),
	(12,'Phone numbers','phone-numbers',9,NULL,'asc','no','People'),
	(13,'Tumblr','tumblr',10,NULL,'asc','no','Content'),
	(14,'Tips','tips',11,NULL,'asc','no','Content'),
	(15,'UStream latest','ustream-latest',12,NULL,'asc','no','Content');

/*!40000 ALTER TABLE `sym_sections` ENABLE KEYS */;
UNLOCK TABLES;


# Dump of table sym_sections_association
# ------------------------------------------------------------

DROP TABLE IF EXISTS `sym_sections_association`;

CREATE TABLE `sym_sections_association` (
  `id` int(11) unsigned NOT NULL AUTO_INCREMENT,
  `parent_section_id` int(11) unsigned NOT NULL,
  `parent_section_field_id` int(11) unsigned DEFAULT NULL,
  `child_section_id` int(11) unsigned NOT NULL,
  `child_section_field_id` int(11) unsigned NOT NULL,
  `hide_association` enum('yes','no') CHARACTER SET utf8 COLLATE utf8_unicode_ci NOT NULL DEFAULT 'no',
  PRIMARY KEY (`id`),
  KEY `parent_section_id` (`parent_section_id`,`child_section_id`,`child_section_field_id`)
) ENGINE=MyISAM AUTO_INCREMENT=82 DEFAULT CHARSET=utf8;

LOCK TABLES `sym_sections_association` WRITE;
/*!40000 ALTER TABLE `sym_sections_association` DISABLE KEYS */;
INSERT INTO `sym_sections_association` (`id`,`parent_section_id`,`parent_section_field_id`,`child_section_id`,`child_section_field_id`,`hide_association`)
VALUES
	(30,3,17,6,37,'no'),
	(41,3,17,5,35,'no'),
	(40,5,29,4,31,'no'),
	(32,3,17,7,39,'no'),
	(37,3,17,8,44,'no'),
	(76,3,17,3,45,'no'),
	(44,3,17,9,48,'no'),
	(54,10,50,12,61,'no'),
	(77,10,50,11,63,'no'),
	(79,3,17,11,68,'no'),
	(72,3,17,13,70,'no'),
	(74,3,17,14,72,'no'),
	(80,3,17,10,76,'no'),
	(81,3,17,15,77,'no');

/*!40000 ALTER TABLE `sym_sections_association` ENABLE KEYS */;
UNLOCK TABLES;


# Dump of table sym_sessions
# ------------------------------------------------------------

DROP TABLE IF EXISTS `sym_sessions`;

CREATE TABLE `sym_sessions` (
  `session` varchar(255) NOT NULL,
  `session_expires` int(10) unsigned NOT NULL DEFAULT '0',
  `session_data` text,
  PRIMARY KEY (`session`),
  KEY `session_expires` (`session_expires`)
) ENGINE=MyISAM DEFAULT CHARSET=utf8;

LOCK TABLES `sym_sessions` WRITE;
/*!40000 ALTER TABLE `sym_sessions` DISABLE KEYS */;
INSERT INTO `sym_sessions` (`session`,`session_expires`,`session_data`)
VALUES
	('58545f3a17aeef23a3b7a5c513e260a3',1305650431,'sym-members|a:0:{}sym-|a:2:{s:8:\"username\";s:12:\"kirkstrobeck\";s:4:\"pass\";s:40:\"3427dd423a4b996a614f13d7746cdaa28d200dae\";}');

/*!40000 ALTER TABLE `sym_sessions` ENABLE KEYS */;
UNLOCK TABLES;





/*!40111 SET SQL_NOTES=@OLD_SQL_NOTES */;
/*!40101 SET SQL_MODE=@OLD_SQL_MODE */;
/*!40014 SET FOREIGN_KEY_CHECKS=@OLD_FOREIGN_KEY_CHECKS */;
/*!40014 SET UNIQUE_CHECKS=@OLD_UNIQUE_CHECKS */;
/*!40101 SET CHARACTER_SET_CLIENT=@OLD_CHARACTER_SET_CLIENT */;
/*!40101 SET CHARACTER_SET_RESULTS=@OLD_CHARACTER_SET_RESULTS */;
/*!40101 SET COLLATION_CONNECTION=@OLD_COLLATION_CONNECTION */;
